{"info":{"_postman_id":"0735aa08-f2db-49bc-9e4b-fbd36bcf077e","name":"Random","schema":"https://schema.getpostman.com/json/collection/v2.1.0/collection.json"},"item":[{"name":"https://devapis.npwipartnerapi.aws.ukfilcld/svc/planviewer-partner-api/person-account-scheme-organisation?personId=61284FC9C68CD5384D21426200F0F100","id":"c4985ef3-14e9-4941-8d0a-f9f70f82c92d","protocolProfileBehavior":{"disableBodyPruning":true},"request":{"method":"GET","header":[{"key":"AuthKey","value":"U2VjdXJpdHlJc0F0TW9zdEltcG9ydGFuY2U6MXRzckFJbjFOR2N0cyZER1Mh"},{"key":"Cache-Control","value":"no-cache"},{"key":"FIL-BUSINESS","value":"WORKPLACE_INVESTING"},{"key":"FIL-CALLER-REFERENCE","value":"PLAN_VIEWER"},{"key":"FIL-CHANNEL","value":"WEB"},{"key":"FIL-JOURNEY","value":"MANAGE_BENEFICIARY"},{"key":"FIL-REQUESTER-ID","value":"123e4567-e89b-12d3-a456-426614174000"},{"key":"FIL-REQUESTER-TYPE","value":"CUSTOMER"},{"key":"Postman-Token","value":"8c17bd36-2176-417a-8cd6-70ac1ab147a3"},{"key":"REQUESTID","value":"prfTesting21234"},{"key":"X-Routing-Context","value":"B2B-GBL-WORKPLACE-INVESTING"}],"url":{"raw":"https://devapis.npwipartnerapi.aws.ukfilcld/svc/planviewer-partner-api/person-account-scheme-organisation?personId=61284FC9C68CD5384D21426200F0F100","protocol":"https","host":["devapis","npwipartnerapi","aws","ukfilcld"],"path":["svc","planviewer-partner-api","person-account-scheme-organisation"],"query":[{"key":"personId","value":"61284FC9C68CD5384D21426200F0F100"}]}},"response":[]},{"name":"L7 dev1 AccountDS healthcheck","id":"a2b7cfdf-5381-4b12-a871-898bdf2d3e14","protocolProfileBehavior":{"disableBodyPruning":true},"request":{"method":"GET","header":[{"key":"FIL-REQUESTER-TYPE","value":"CUSTOMER"},{"key":"FIL-REQUESTER-ID","value":"123e4567-e89b-12d3-a456-426614174000"},{"key":"apikey","value":"ba94be0e-e2ac-44af-8bb0-2f94797208c2"},{"key":"X-Routing-Context","value":"B2B-GBL-WORKPLACE-INVESTING"},{"key":"FIL-CHANNEL","value":"WEB"},{"key":"FIL-CALLER-REFERENCE","value":"PLAN_VIEWER"},{"key":"FIL-JOURNEY","value":"MANAGE_BENEFICIARY"},{"key":"FIL-BUSINESS","value":"WORKPLACE_INVESTING"},{"key":"REQUESTID","value":"123e4567-e89b-12d3-a456-426614174000"}],"url":{"raw":"https://apigateway-dev1.uk.fid-intl.com:29012/aws/fil/wi/accounts/v2/data/healthCheckConnections","protocol":"https","host":["apigateway-dev1","uk","fid-intl","com"],"port":"29012","path":["aws","fil","wi","accounts","v2","data","healthCheckConnections"]}},"response":[]},{"name":"L7 sit AccountBS","id":"c2cc608d-c2a5-476b-90e7-feae3f29d462","protocolProfileBehavior":{"disableBodyPruning":true},"request":{"method":"GET","header":[{"key":"FIL-REQUESTER-TYPE","value":"CUSTOMER"},{"key":"FIL-REQUESTER-ID","value":"123e4567-e89b-12d3-a456-426614174000"},{"key":"apikey","value":"ba94be0e-e2ac-44af-8bb0-2f94797208c2"},{"key":"X-Routing-Context","value":"B2B-GBL-WORKPLACE-INVESTING"},{"key":"FIL-CHANNEL","value":"WEB"},{"key":"FIL-CALLER-REFERENCE","value":"PLAN_VIEWER"},{"key":"FIL-JOURNEY","value":"MANAGE_BENEFICIARY"},{"key":"FIL-BUSINESS","value":"WORKPLACE_INVESTING"},{"key":"REQUESTID","value":"123e4567-e89b-12d3-a456-426614174000"}],"url":{"raw":"https://apigateway-sit.uk.fid-intl.com:29012/aws/fil/wi/accounts/v2/account/M00477C/statistics?includedComponents=TOTAL_EXPENSE_RATIO,TRANSACTION_COST,DRAWDOWN_ACCOUNTOPENINGDATE&totalReturnStartDate=2020-05-13&totalReturnEndDate=2021-05-14","protocol":"https","host":["apigateway-sit","uk","fid-intl","com"],"port":"29012","path":["aws","fil","wi","accounts","v2","account","M00477C","statistics"],"query":[{"key":"includedComponents","value":"TOTAL_EXPENSE_RATIO,TRANSACTION_COST,DRAWDOWN_ACCOUNTOPENINGDATE"},{"key":"totalReturnStartDate","value":"2020-05-13"},{"key":"totalReturnEndDate","value":"2021-05-14"}]}},"response":[]},{"name":"L7 Future Contribution","id":"94bef269-cc85-41e3-89ac-a7560ffeae01","protocolProfileBehavior":{"disableBodyPruning":true},"request":{"method":"GET","header":[{"key":"FIL-REQUESTER-TYPE","value":"CUSTOMER"},{"key":"FIL-REQUESTER-ID","value":"123e4567-e89b-12d3-a456-426614174000"},{"key":"apikey","value":"ba94be0e-e2ac-44af-8bb0-2f94797208c2"},{"key":"X-Routing-Context","value":"B2B-GBL-WORKPLACE-INVESTING"},{"key":"FIL-CHANNEL","value":"WEB"},{"key":"FIL-CALLER-REFERENCE","value":"PLAN_VIEWER"},{"key":"FIL-JOURNEY","value":"MANAGE_BENEFICIARY"},{"key":"FIL-BUSINESS","value":"WORKPLACE_INVESTING"},{"key":"REQUESTID","value":"123e4567-e89b-12d3-a456-426614174000"}],"url":{"raw":"https://apigateway-sit.uk.fid-intl.com:29012/aws/fil/wi/accounts/v2/data/future-contributions?accountId=5179268","protocol":"https","host":["apigateway-sit","uk","fid-intl","com"],"port":"29012","path":["aws","fil","wi","accounts","v2","data","future-contributions"],"query":[{"key":"accountId","value":"5179268"}]}},"response":[]},{"name":"L7 Investment Strategy","id":"fa856cdd-a606-4e15-bfa5-d3e8bb792bb7","protocolProfileBehavior":{"disableBodyPruning":true},"request":{"method":"GET","header":[{"key":"FIL-REQUESTER-TYPE","value":"CUSTOMER"},{"key":"FIL-REQUESTER-ID","value":"123e4567-e89b-12d3-a456-426614174000"},{"key":"apikey","value":"ba94be0e-e2ac-44af-8bb0-2f94797208c2"},{"key":"X-Routing-Context","value":"B2B-GBL-WORKPLACE-INVESTING"},{"key":"FIL-CHANNEL","value":"WEB"},{"key":"FIL-CALLER-REFERENCE","value":"PLAN_VIEWER"},{"key":"FIL-JOURNEY","value":"MANAGE_BENEFICIARY"},{"key":"FIL-BUSINESS","value":"WORKPLACE_INVESTING"},{"key":"REQUESTID","value":"123e4567-e89b-12d3-a456-426614174000"}],"url":{"raw":"https://apigateway-sit.uk.fid-intl.com:29012/aws/fil/wi/accounts/v2/data/investment-strategies/snapshot?accountId=5179268&snapshotDate=2022-12-27","protocol":"https","host":["apigateway-sit","uk","fid-intl","com"],"port":"29012","path":["aws","fil","wi","accounts","v2","data","investment-strategies","snapshot"],"query":[{"key":"accountId","value":"5179268"},{"key":"snapshotDate","value":"2022-12-27","type":"text"}]}},"response":[]},{"name":"L7 sit AccountBS Copy","id":"9aa3b7cf-eb8d-4215-a7d3-312e83e00c85","protocolProfileBehavior":{"disableBodyPruning":true},"request":{"method":"GET","header":[{"key":"FIL-REQUESTER-TYPE","value":"CUSTOMER"},{"key":"FIL-REQUESTER-ID","value":"123e4567-e89b-12d3-a456-426614174000"},{"key":"apikey","value":"ba94be0e-e2ac-44af-8bb0-2f94797208c2"},{"key":"X-Routing-Context","value":"B2B-GBL-WORKPLACE-INVESTING"},{"key":"FIL-CHANNEL","value":"WEB"},{"key":"FIL-CALLER-REFERENCE","value":"PLAN_VIEWER"},{"key":"FIL-JOURNEY","value":"MANAGE_BENEFICIARY"},{"key":"FIL-BUSINESS","value":"WORKPLACE_INVESTING"},{"key":"REQUESTID","value":"123e4567-e89b-12d3-a456-426614174000"}],"url":{"raw":"https://apigateway-sit.uk.fid-intl.com:29012/aws/fil/wi/accounts/v2/account/M00477C/statistics?includedComponents=TOTAL_EXPENSE_RATIO,TRANSACTION_COST,DRAWDOWN_ACCOUNTOPENINGDATE&totalReturnStartDate=2020-05-13&totalReturnEndDate=2021-05-14","protocol":"https","host":["apigateway-sit","uk","fid-intl","com"],"port":"29012","path":["aws","fil","wi","accounts","v2","account","M00477C","statistics"],"query":[{"key":"includedComponents","value":"TOTAL_EXPENSE_RATIO,TRANSACTION_COST,DRAWDOWN_ACCOUNTOPENINGDATE"},{"key":"totalReturnStartDate","value":"2020-05-13"},{"key":"totalReturnEndDate","value":"2021-05-14"}]}},"response":[]},{"name":"https://dc-memberaccountbsqat.np3a.paas.bip.uk.fid-intl.com/api/accounts/v2/account/C02ED2D/statistics","id":"c7536931-454c-4ea5-a760-8120b1f52b63","protocolProfileBehavior":{"disableBodyPruning":true},"request":{"method":"GET","header":[{"key":"apiKey","value":"bWVtYmVyYWNjYnNhcGl1c2VyOm1vbmRheTEyMw=="},{"key":"FIL-BUSINESS","value":"WORKPLACE_INVESTING"},{"key":"FIL-JOURNEY","value":"Plan_Summary"},{"key":"requestid","value":"asd1234"},{"key":"FIL-REQUESTER-ID","value":"1212121212"},{"key":"FIL-CHANNEL","value":"WEB"},{"key":"FIL-CALLER-REFERENCE","value":"PLANVIEWER"},{"key":"FIL-REQUESTER-TYPE","value":"CUSTOMER"},{"key":"FIL-CUSTOMER-ID","value":"1212121212"}],"url":{"raw":"https://dc-memberaccountbsqat.np3a.paas.bip.uk.fid-intl.com/api/accounts/v2/account/C02ED2D/statistics","protocol":"https","host":["dc-memberaccountbsqat","np3a","paas","bip","uk","fid-intl","com"],"path":["api","accounts","v2","account","C02ED2D","statistics"]}},"response":[]},{"name":"https://dc-memberaccountbsdev.np3a.paas.bip.uk.fid-intl.com/api/accounts/v2/account/C02ED2D/statistics","id":"50c7497e-21e5-49e7-8963-6d7b75537dc3","protocolProfileBehavior":{"disableBodyPruning":true},"request":{"method":"GET","header":[{"key":"apiKey","value":"bWVtYmVyYWNjYnNhcGl1c2VyOm1vbmRheTEyMw=="},{"key":"FIL-BUSINESS","value":"WORKPLACE_INVESTING"},{"key":"FIL-JOURNEY","value":"Plan_Summary"},{"key":"requestid","value":"sanchita1234"},{"key":"FIL-REQUESTER-ID","value":"1212121212"},{"key":"FIL-CHANNEL","value":"WEB"},{"key":"FIL-CALLER-REFERENCE","value":"PLANVIEWER"},{"key":"FIL-REQUESTER-TYPE","value":"CUSTOMER"},{"key":"FIL-CUSTOMER-ID","value":"1212121212"}],"url":{"raw":"https://dc-memberaccountbsdev.np3a.paas.bip.uk.fid-intl.com/api/accounts/v2/account/C02ED2D/statistics","protocol":"https","host":["dc-memberaccountbsdev","np3a","paas","bip","uk","fid-intl","com"],"path":["api","accounts","v2","account","C02ED2D","statistics"]}},"response":[]},{"name":"Retirement Withdrawl","id":"cd8e19dc-bd1e-4b73-850e-82950dafbf83","protocolProfileBehavior":{"disableBodyPruning":true},"request":{"method":"GET","header":[{"key":"FIL-REQUESTER-TYPE","value":"CUSTOMER"},{"key":"FIL-REQUESTER-ID","value":"111111"},{"key":"FIL-CHANNEL","value":"WEB"},{"key":"FIL-CALLER-REFERENCE","value":"PLANVIEWER"},{"key":"FIL-JOURNEY","value":"MANAGE_BENEFICIARY"},{"key":"FIL-BUSINESS","value":"WORKPLACE_INVESTING"},{"key":"apikey","value":"1a89e132-24ac-4845-84b0-848e698564f8"},{"key":"requestId","value":"123333"}],"url":{"raw":"https://retirement-manage-income-uat.np3a.paas.bip.uk.fid-intl.com/scheduled-orders/v1/regular-withdrawals?accountId=5127695","protocol":"https","host":["retirement-manage-income-uat","np3a","paas","bip","uk","fid-intl","com"],"path":["scheduled-orders","v1","regular-withdrawals"],"query":[{"key":"accountId","value":"5127695"}]}},"response":[]},{"name":"Stage Tokens","id":"4d8a78df-2b4a-4da6-9f0f-af05db08cf96","protocolProfileBehavior":{"disableBodyPruning":true},"request":{"method":"POST","header":[{"key":"Content-Type","value":"application/x-www-form-urlencoded"}],"body":{"mode":"urlencoded","urlencoded":[{"type":"text","key":"grant_type","value":"client_credentials"},{"type":"text","key":"client_id","value":"g09xCqGKS0SUrAdrSXT4hlRofEKWSD6E"},{"type":"text","key":"client_secret","value":"VG4yZPZCGJdM08Q6AUelLaCIZK85HgAr"}]},"url":{"raw":"https://stage.api.fil.com/identity/v1/tokens","protocol":"https","host":["stage","api","fil","com"],"path":["identity","v1","tokens"]}},"response":[]},{"name":"APIGEE Contributions","id":"b9d2a024-39d6-491b-bfeb-09718cae6ed3","protocolProfileBehavior":{"disableBodyPruning":true},"request":{"method":"GET","header":[{"key":"Authorization","value":"Bearer jbWpDW02ouXieAcvyPyDl2zgnavi"},{"key":"FIL-BUSINESS","value":"WORKPLACE_INVESTING"},{"key":"FIL-CALLER-REFERENCE","value":"PLAN_VIEWER"},{"key":"FIL-CHANNEL","value":"WEB"},{"key":"FIL-CUSTOMER-ID","value":"1@@#$%"},{"key":"FIL-JOURNEY","value":"Plan_Summary"},{"key":"FIL-REQUESTER-ID","value":"12121"},{"key":"FIL-REQUESTER-TYPE","value":"CUSTOMER"},{"key":"requestId","value":"ravrocksUAT"}],"url":{"raw":"https://stage.api.fil.com/partner-wi-accounts/v1/account/5226901/contributions?timePeriod=YESTERDAY","protocol":"https","host":["stage","api","fil","com"],"path":["partner-wi-accounts","v1","account","5226901","contributions"],"query":[{"key":"timePeriod","value":"YESTERDAY"}]}},"response":[]},{"name":"APIGEE future-contributions","id":"21768a5d-fd47-41f6-bb3f-0fe252309a0c","protocolProfileBehavior":{"disableBodyPruning":true},"request":{"method":"GET","header":[{"key":"FIL-REQUEST-ID","value":"ravrocksUAT"},{"key":"FIL-REQUESTER-ID","value":"1212121212"},{"key":"Authorization","value":"Bearer P7ctZegcuTJRGDqFufhqSikfpPEl"},{"key":"FIL-BUSINESS","value":"WORKPLACE_INVESTING"},{"key":"FIL-CHANNEL","value":"WEB"},{"key":"FIL-CALLER-REFERENCE","value":"PLAN_VIEWER"},{"key":"FIL-REQUESTER-TYPE","value":"CUSTOMER"},{"key":"FIL-JOURNEY","value":"Plan_Summary"},{"key":"requestId","value":"ravrocksUAT"},{"key":"FIL-CUSTOMER-ID","value":"1212121212@#$"},{"key":"FIL-Routing-Context","value":"B2B-GBL-WORKPLACE-INVESTING"}],"url":{"raw":"https://stage.api.fil.com/accounts/v2/account/5226901/future-contributions","protocol":"https","host":["stage","api","fil","com"],"path":["accounts","v2","account","5226901","future-contributions"]}},"response":[]},{"name":"Fundadata_API_healthCheckStatus","id":"e0dc1da9-092e-4fb3-84c9-864f15b2281e","protocolProfileBehavior":{"disableBodyPruning":true},"request":{"method":"GET","header":[],"url":{"raw":"https://fundDataApiUAT.np3a.paas.bip.uk.fid-intl.com/healthCheckStatus","protocol":"https","host":["fundDataApiUAT","np3a","paas","bip","uk","fid-intl","com"],"path":["healthCheckStatus"]}},"response":[]},{"name":"https://apigateway-sit.uk.fid-intl.com:29012/aws/fil/wi/accounts/v2/data/accounts/snapshot?snapshotDate=2022-01-21&accountId=1004961","id":"d34cd715-6023-4268-bb58-0d8b9e1f46e1","protocolProfileBehavior":{"disableBodyPruning":true},"request":{"method":"GET","header":[{"key":"apikey","value":"ba94be0e-e2ac-44af-8bb0-2f94797208c2","type":"text"},{"key":"Cache-Control","value":"no-cache","type":"text"},{"key":"FIL-BUSINESS","value":"WORKPLACE_INVESTING","type":"text"},{"key":"FIL-CALLER-REFERENCE","value":"PLAN_VIEWER","type":"text"},{"key":"FIL-CHANNEL","value":"Web","type":"text"},{"key":"FIL-CUSTOMER-ID","value":"1212121212","type":"text"},{"key":"FIL-JOURNEY","value":"Plan_Summary","type":"text"},{"key":"FIL-REQUESTER-ID","value":"1212121212","type":"text"},{"key":"FIL-REQUESTER-TYPE","value":"CUSTOMER","type":"text"},{"key":"requestId","value":"23565dtd566","type":"text"}],"url":{"raw":"https://apigateway-dev1.uk.fid-intl.com:29012/aws/fil/wi/accounts/v2/data/accounts/snapshot?snapshotDate=2022-01-21&accountId=1004961","protocol":"https","host":["apigateway-dev1","uk","fid-intl","com"],"port":"29012","path":["aws","fil","wi","accounts","v2","data","accounts","snapshot"],"query":[{"key":"snapshotDate","value":"2022-01-21"},{"key":"accountId","value":"1004961"}]}},"response":[]},{"name":"L7 fetchEntitlements","id":"7e77e69a-1abc-420a-8ccd-581b9d7ba4e9","protocolProfileBehavior":{"disableBodyPruning":true},"request":{"method":"GET","header":[{"key":"FID-CUSTOMER-ID-TYPE","value":"GRN"},{"key":"FID-LOG-TRACKING-ID","value":"PV"},{"key":"apikey","value":"3c99edfd-dc9c-4bb4-a0c0-f577f1987853"}],"url":{"raw":"https://sit-api.fidelity.co.uk:15012/api/wi/entitlements/v1/fetchEntitlements/customers/ADC0B9398669E53D818BC67CD881F5D2/employer/WORL/plan/WVIR?accountId=M001996","protocol":"https","host":["sit-api","fidelity","co","uk"],"port":"15012","path":["api","wi","entitlements","v1","fetchEntitlements","customers","ADC0B9398669E53D818BC67CD881F5D2","employer","WORL","plan","WVIR"],"query":[{"key":"accountId","value":"M001996"}]}},"response":[]},{"name":"L7 accounts/v2/account/statistics","id":"44922a23-ca3e-4c1b-b68b-a60bcc45f9c7","protocolProfileBehavior":{"disableBodyPruning":true},"request":{"method":"GET","header":[{"key":"FIL-REQUESTER-TYPE","value":"CUSTOMER"},{"key":"FIL-REQUESTER-ID","value":"123e4567-e89b-12d3-a456-426614174000"},{"key":"apikey","value":"ba94be0e-e2ac-44af-8bb0-2f94797208c2"},{"key":"X-Routing-Context","value":"B2B-GBL-WORKPLACE-INVESTING"},{"key":"FIL-CHANNEL","value":"WEB"},{"key":"FIL-CALLER-REFERENCE","value":"PLAN_VIEWER"},{"key":"FIL-JOURNEY","value":"MANAGE_BENEFICIARY"},{"key":"FIL-BUSINESS","value":"WORKPLACE_INVESTING"},{"key":"REQUESTID","value":"ravrocks-Stats-issue-sit"}],"url":{"raw":"https://apigateway-sit.uk.fid-intl.com:29012/aws/fil/wi/accounts/v2/account/C00FD4A/statistics?includedComponents=TOTAL_EXPENSE_RATIO,TRANSACTION_COST,DRAWDOWNACCOUNT_OPENINGDATE&totalReturnStartDate=2020-05-13&totalReturnEndDate=2021-05-14","protocol":"https","host":["apigateway-sit","uk","fid-intl","com"],"port":"29012","path":["aws","fil","wi","accounts","v2","account","C00FD4A","statistics"],"query":[{"key":"includedComponents","value":"TOTAL_EXPENSE_RATIO,TRANSACTION_COST,DRAWDOWNACCOUNT_OPENINGDATE"},{"key":"totalReturnStartDate","value":"2020-05-13"},{"key":"totalReturnEndDate","value":"2021-05-14"}]}},"response":[]},{"name":"L7 EBF wi/accounts/v2/account/C00FD4A/statistics","id":"0aae7c17-0803-47ae-a48e-dd7434aa1b08","protocolProfileBehavior":{"disableBodyPruning":true},"request":{"method":"GET","header":[{"key":"FIL-REQUESTER-TYPE","value":"CUSTOMER"},{"key":"FIL-REQUESTER-ID","value":"123e4567-e89b-12d3-a456-426614174000"},{"key":"apikey","value":"ba94be0e-e2ac-44af-8bb0-2f94797208c2"},{"key":"X-Routing-Context","value":"B2B-GBL-WORKPLACE-INVESTING"},{"key":"FIL-CHANNEL","value":"WEB"},{"key":"FIL-CALLER-REFERENCE","value":"PLAN_VIEWER"},{"key":"FIL-JOURNEY","value":"MANAGE_BENEFICIARY"},{"key":"FIL-BUSINESS","value":"WORKPLACE_INVESTING"},{"key":"REQUESTID","value":"ravrocks-Stats-issue-ebf"}],"url":{"raw":"https://apigateway-ebf.uk.fid-intl.com:29012/aws/fil/wi/accounts/v2/account/C00FD4A/statistics?includedComponents=TOTAL_EXPENSE_RATIO,TRANSACTION_COST,DRAWDOWNACCOUNT_OPENINGDATE&totalReturnStartDate=2020-05-13&totalReturnEndDate=2021-05-14","protocol":"https","host":["apigateway-ebf","uk","fid-intl","com"],"port":"29012","path":["aws","fil","wi","accounts","v2","account","C00FD4A","statistics"],"query":[{"key":"includedComponents","value":"TOTAL_EXPENSE_RATIO,TRANSACTION_COST,DRAWDOWNACCOUNT_OPENINGDATE"},{"key":"totalReturnStartDate","value":"2020-05-13"},{"key":"totalReturnEndDate","value":"2021-05-14"}]}},"response":[]},{"name":"Account-Beneficiary","id":"6d395479-d0d2-45d9-b39f-6cc64dc2faaa","protocolProfileBehavior":{"disableBodyPruning":true},"request":{"method":"PUT","header":[{"key":"content-type","value":"application/json"},{"key":"requestId","value":"uatAccountStat"},{"key":"FIL-CUSTOMER-ID","value":"Test12387"},{"key":"FIL-CHANNEL","value":"WEB"},{"key":"FIL-CALLER-REFERENCE","value":"PLAN_VIEWER"},{"key":"FIL-JOURNEY","value":"MANAGE_BENEFICIARY"},{"key":"FIL-BUSINESS","value":"WORKPLACE_INVESTING"},{"key":"FIL-REQUESTER-TYPE","value":"CUSTOMER"},{"key":"FIL-REQUESTER-ID","value":"abc12"},{"key":"apiKey","value":"bWVtYmVyYWNjYnNhcGl1c2VyOm1vbmRheTEyMw=="}],"body":{"mode":"raw","raw":"{\"beneficiaryRelationships\":[{\"personId\":\"1109482\",\"relationship\":\"BENEFICIARY_IN_EVENT_OF_DEATH\",\"relationshipStartDate\":\"2023-01-17\",\"contextAttributes\":[{\"name\":\"BENEFICIARY_NOMINATION_PERCENTAGE\",\"value\":\"100.0\"},{\"name\":\"RELATIONSHIP_TO_MEMBER\",\"value\":\"Son\"}],\"href\":\"https://stage.api.fil.com/persons/v1/person/1109482\"}],\"moreInfo\":null}"},"url":{"raw":"https://dc-memberaccountbsqat.npapps.paas.bip.uk.fid-intl.com/api/accounts/v2/account/M003F20/beneficiary-relationships","protocol":"https","host":["dc-memberaccountbsqat","npapps","paas","bip","uk","fid-intl","com"],"path":["api","accounts","v2","account","M003F20","beneficiary-relationships"]}},"response":[]},{"name":"APIGEE Entitlement Request","id":"bd592c1a-7633-4e05-99d9-7bf205f04959","protocolProfileBehavior":{"disableBodyPruning":true},"request":{"method":"GET","header":[{"key":"content-type","value":"application/json"},{"key":"requestId","value":"EntitlementOffshoreissue"},{"key":"FIL-CUSTOMER-ID","value":"Test12387"},{"key":"FIL-CHANNEL","value":"WEB"},{"key":"FIL-CALLER-REFERENCE","value":"PLAN_VIEWER"},{"key":"FIL-JOURNEY","value":"PLAN_SUMMARY"},{"key":"FIL-BUSINESS","value":"WORKPLACE_INVESTING"},{"key":"FIL-REQUESTER-TYPE","value":"CUSTOMER"},{"key":"FIL-REQUESTER-ID","value":"abc12"},{"key":"Authorization","value":"Bearer CbTBFen77m5mYo2Pl6GALNkbNpaB"},{"key":"FID-LOG-TRACKING-ID","value":"Testing"},{"key":"FID-CUSTOMER-ID-TYPE","value":"WID"}],"url":{"raw":"https://stage.api.fil.com/partner/fmr/wi/entitlements/v1/customers/CBB2D46A033B8A228F6DE10B59DA99C5/employer/SHEL/plan/SHEL?accountId=C080644","protocol":"https","host":["stage","api","fil","com"],"path":["partner","fmr","wi","entitlements","v1","customers","CBB2D46A033B8A228F6DE10B59DA99C5","employer","SHEL","plan","SHEL"],"query":[{"key":"accountId","value":"C080644"}]}},"response":[]},{"name":"L7 HoldingsValuation","id":"8294bb59-03aa-4de9-ad5b-ff7635f072b8","protocolProfileBehavior":{"disableBodyPruning":true},"request":{"method":"GET","header":[{"key":"apiKey","value":"c8b491ab-1f4b-459a-9b01-5f5a6f0d137f","type":"text"},{"key":"FIL-REQUESTER-ID","value":"abc","type":"text"},{"key":"requestId","value":"ravrocks","type":"text"},{"key":"FIL-REQUESTER-TYPE","value":"CUSTOMER","type":"text"},{"key":"FIL-CHANNEL","value":"web","type":"text"},{"key":"FIL-BUSINESS","value":"WORKPLACE_INVESTING","type":"text"},{"key":"FIL-CALLER-REFERENCE","value":"PLANVIEWER","type":"text"},{"key":"FIL-JOURNEY","value":"PLAN_SUMMARY","type":"text"},{"key":"authKey","value":"Test123","type":"text"}],"url":{"raw":"https://apigateway-sit.uk.fid-intl.com:29012/aws/fil/wi/holdings/v1/valuations?accountId=5179268","protocol":"https","host":["apigateway-sit","uk","fid-intl","com"],"port":"29012","path":["aws","fil","wi","holdings","v1","valuations"],"query":[{"key":"accountId","value":"5179268"}]}},"response":[]},{"name":"https://apigateway-sit.uk.fid-intl.com:29012/aws/fil/wi/accounts/v2/data/5179268/controls","id":"679a6c67-54a2-47b5-b543-8bb4a0008105","protocolProfileBehavior":{"disableBodyPruning":true},"request":{"method":"GET","header":[{"key":"apiKey","value":"ba94be0e-e2ac-44af-8bb0-2f94797208c2","type":"text"},{"key":"FIL-REQUESTER-ID","value":"asdasdas","type":"text"},{"key":"FIL-REQUESTER-TYPE","value":"CUSTOMER","type":"text"},{"key":"requestId","value":"asda4sa","type":"text"}],"url":{"raw":"https://apigateway-sit.uk.fid-intl.com:29012/aws/fil/wi/accounts/v2/data/5179268/controls","protocol":"https","host":["apigateway-sit","uk","fid-intl","com"],"port":"29012","path":["aws","fil","wi","accounts","v2","data","5179268","controls"]}},"response":[]}]}