{"info":{"_postman_id":"10f65203-87a2-487d-a467-bfa1f9ce2bfd","name":"DcValuation-PaaS","schema":"https://schema.getpostman.com/json/collection/v2.1.0/collection.json"},"item":[{"name":"healthcheck-paas","id":"5b769e8a-e7fd-4000-8cea-bf2131571b07","protocolProfileBehavior":{"disableBodyPruning":true},"request":{"method":"GET","header":[],"url":{"raw":"http://dc-valuationBusinessApi-UAT.np4a.paas.bip.uk.fid-intl.com/healthCheckStatus","protocol":"http","host":["dc-valuationBusinessApi-UAT","np4a","paas","bip","uk","fid-intl","com"],"path":["healthCheckStatus"]}},"response":[]}]}