{"info":{"_postman_id":"213bf77e-f01d-458d-beb5-a25f15c8e5c2","name":"Previnet-ALL-local-only","schema":"https://schema.getpostman.com/json/collection/v2.1.0/collection.json"},"item":[{"name":"AccStats-Local Copy","id":"d5e4104a-b79b-4241-a652-2f50cd3c8ad1","protocolProfileBehavior":{"disableBodyPruning":true},"request":{"method":"GET","header":[{"key":"FIL-BUSINESS","value":"WORKPLACE_INVESTING"},{"key":"FIL-JOURNEY","value":"Plan_Summary"},{"key":"requestId","value":"PERFTest123"},{"key":"FIL-REQUESTER-ID","value":"20"},{"key":"FIL-CHANNEL","value":"WEB"},{"key":"FIL-CALLER-REFERENCE","value":"PLANVIEWER"},{"key":"FIL-REQUESTER-TYPE","value":"CUSTOMER"},{"key":"FIL-CUSTOMER-ID","value":"1212121212"},{"key":"authKey","value":"Test123"},{"key":"env","value":"SIT"}],"url":{"raw":"localhost:8080/accounts/v2/account/20-E0002-FEPA100025/statistics?name=performance","host":["localhost"],"port":"8080","path":["accounts","v2","account","20-E0002-FEPA100025","statistics"],"query":[{"key":"name","value":"performance"}]}},"response":[]},{"name":"Person-account-orrganisation","id":"cd89f338-01a7-46f0-8461-d7355939ad6d","protocolProfileBehavior":{"disableBodyPruning":true},"request":{"method":"GET","header":[{"key":"FIL-BUSINESS","value":"WORKPLACE_INVESTING"},{"key":"FIL-JOURNEY","value":"PLAN_SUMMARY"},{"key":"requestId","value":"asd1234"},{"key":"FIL-REQUESTER-ID","value":"112"},{"key":"FIL-CALLER-REFERENCE","value":"PLANVIEWER"},{"key":"FIL-REQUESTER-TYPE","value":"CUSTOMER"},{"key":"FIL-CUSTOMER-ID","value":"1212121212"},{"key":"authKey","value":"Test123"},{"key":"env","value":"SIT","type":"text"}],"url":{"raw":"localhost:8080/person-core-entities/v1/person-account-scheme-organisation?personId=112","host":["localhost"],"port":"8080","path":["person-core-entities","v1","person-account-scheme-organisation"],"query":[{"key":"personId","value":"112"}]}},"response":[]},{"name":"Get_Entitlement_Local","id":"2fbac012-968d-4d7f-aada-870ce34624cd","protocolProfileBehavior":{"disableBodyPruning":true},"request":{"method":"GET","header":[{"key":"FIL-BUSINESS","value":"WORKPLACE_INVESTING"},{"key":"FIL-JOURNEY","value":"PLAN_SUMMARY"},{"key":"requestId","value":"rav123"},{"key":"FIL-REQUESTER-ID","value":"44"},{"key":"FIL-CHANNEL","value":"WEB"},{"key":"FIL-CALLER-REFERENCE","value":"PLANVIEWER"},{"key":"FIL-REQUESTER-TYPE","value":"CUSTOMER"},{"key":"FIL-CUSTOMER-ID","value":"1212121212"},{"key":"authkey","value":"Test123"},{"key":"env","value":"sit"}],"url":{"raw":"localhost:8080/partner/fmr/wi/entitlements/v1/customers/44/employer/E0002/plan/FEPA100025?accountId=44-E0002-FEPA100025","host":["localhost"],"port":"8080","path":["partner","fmr","wi","entitlements","v1","customers","44","employer","E0002","plan","FEPA100025"],"query":[{"key":"accountId","value":"44-E0002-FEPA100025"}]}},"response":[]},{"name":"Person-Adapter Copy","id":"f31417ca-53b2-4627-9cc6-187ff125e518","protocolProfileBehavior":{"disableBodyPruning":true},"request":{"method":"GET","header":[{"key":"FIL-BUSINESS","value":"WORKPLACE_INVESTING"},{"key":"FIL-JOURNEY","value":"PLAN_SUMMARY"},{"key":"requestId","value":"rav123"},{"key":"FIL-REQUESTER-ID","value":"124"},{"key":"FIL-CHANNEL","value":"WEB"},{"key":"FIL-CALLER-REFERENCE","value":"PLANVIEWER"},{"key":"FIL-REQUESTER-TYPE","value":"CUSTOMER"},{"key":"FIL-CUSTOMER-ID","value":"1212121212"},{"key":"authkey","value":"Test123"},{"key":"env","value":"sit"}],"url":{"raw":"localhost:8080/persons/v1/person/124","host":["localhost"],"port":"8080","path":["persons","v1","person","124"]}},"response":[]},{"name":"Transaction_Adapter Copy","id":"319f1c64-1aa7-44f2-8467-2ebf07df14f8","protocolProfileBehavior":{"disableBodyPruning":true},"request":{"method":"GET","header":[{"key":"FIL-BUSINESS","value":"WORKPLACE_INVESTING"},{"key":"FIL-JOURNEY","value":"PLAN_SUMMARY"},{"key":"requestId","value":"rav123"},{"key":"FIL-REQUESTER-ID","value":"3001"},{"key":"FIL-CHANNEL","value":"WEB"},{"key":"FIL-CALLER-REFERENCE","value":"PLANVIEWER"},{"key":"FIL-REQUESTER-TYPE","value":"CUSTOMER"},{"key":"FIL-CUSTOMER-ID","value":"1212121212"},{"key":"authkey","value":"Test123"},{"key":"env","value":"sit","type":"text"}],"url":{"raw":"localhost:8080/transaction/v1/transactions?accountId=3001-E0001-FEPA100025","host":["localhost"],"port":"8080","path":["transaction","v1","transactions"],"query":[{"key":"accountId","value":"3001-E0001-FEPA100025"}]}},"response":[]},{"name":"SchemeAdapter Copy","id":"bc276bd2-29b3-4d23-9917-d6a18c5765b0","protocolProfileBehavior":{"disableBodyPruning":true},"request":{"method":"GET","header":[{"key":"FIL-BUSINESS","value":"WORKPLACE_INVESTING"},{"key":"FIL-JOURNEY","value":"PLAN_SUMMARY"},{"key":"requestId","value":"rav123"},{"key":"FIL-REQUESTER-ID","value":"FEPA100025"},{"key":"FIL-CHANNEL","value":"WEB"},{"key":"FIL-CALLER-REFERENCE","value":"PLANVIEWER"},{"key":"FIL-REQUESTER-TYPE","value":"CUSTOMER"},{"key":"FIL-CUSTOMER-ID","value":"1212121212"},{"key":"authkey","value":"Test123"},{"key":"env","value":"sit","type":"text"}],"url":{"raw":"localhost:8080/schemes/v1/scheme/FEPA100025","host":["localhost"],"port":"8080","path":["schemes","v1","scheme","FEPA100025"]}},"response":[]},{"name":"Holdings_Evaluation Copy","id":"ed55aa1f-20f5-4a9d-95b7-5595b6b6eefb","protocolProfileBehavior":{"disableBodyPruning":true},"request":{"method":"GET","header":[{"key":"FIL-BUSINESS","value":"WORKPLACE_INVESTING"},{"key":"FIL-JOURNEY","value":"PLAN_SUMMARY"},{"key":"requestId","value":"rav123"},{"key":"FIL-REQUESTER-ID","value":"44"},{"key":"FIL-CHANNEL","value":"WEB"},{"key":"FIL-CALLER-REFERENCE","value":"PLANVIEWER"},{"key":"FIL-REQUESTER-TYPE","value":"CUSTOMER"},{"key":"FIL-CUSTOMER-ID","value":"1212121212"},{"key":"authkey","value":"Test123"},{"key":"env","value":"sit"}],"url":{"raw":"localhost:8080/holdings/v1/valuations?accountId=44-E0002-FEPA100025","host":["localhost"],"port":"8080","path":["holdings","v1","valuations"],"query":[{"key":"accountId","value":"44-E0002-FEPA100025"}]}},"response":[]},{"name":"Projections Copy","id":"59fd86b4-c340-4586-91c7-df5f4649ac9e","protocolProfileBehavior":{"disableBodyPruning":true},"request":{"method":"GET","header":[{"key":"FIL-BUSINESS","value":"WORKPLACE_INVESTING"},{"key":"FIL-JOURNEY","value":"PLAN_SUMMARY"},{"key":"requestId","value":"rav123"},{"key":"FIL-REQUESTER-ID","value":"3001"},{"key":"FIL-CHANNEL","value":"WEB"},{"key":"FIL-CALLER-REFERENCE","value":"PLANVIEWER"},{"key":"FIL-REQUESTER-TYPE","value":"CUSTOMER"},{"key":"FIL-CUSTOMER-ID","value":"1212121212"},{"key":"authkey","value":"Test123"},{"key":"env","value":"sit","type":"text"}],"url":{"raw":"localhost:8080/partner/fmr/wi/projections/v1/projection?accountId=3001-E0001-FEPA100025","host":["localhost"],"port":"8080","path":["partner","fmr","wi","projections","v1","projection"],"query":[{"key":"accountId","value":"3001-E0001-FEPA100025"}]}},"response":[]}]}