{"info":{"_postman_id":"2e0a3895-cd5d-4d4a-9c73-98a0c5e714fd","name":"SalarySacrifice","schema":"https://schema.getpostman.com/json/collection/v2.1.0/collection.json"},"item":[{"name":"Salary-Transactions","id":"3e04274f-d484-4fb4-bb9b-5dfcdcf7c7bf","protocolProfileBehavior":{"disableBodyPruning":true},"request":{"method":"GET","header":[{"key":"FIL-REQUESTER-ID","value":"566677777"},{"key":"FIL-REQUESTER-TYPE","value":"CUSTOMER"},{"key":"FIL-CUSTOMER-ID","value":"abc123"},{"key":"FIL-CHANNEL","value":"web"},{"key":"FIL-BUSINESS","value":"WORKPLACE_INVESTING"},{"key":"FIL-CALLER-REFERENCE","value":"PLAN_VIEWER"},{"key":"FIL-JOURNEY","value":"CHANGE_INVESTMENTS"},{"key":"requestId","value":"333"},{"key":"token","value":"eyJhbGciOiAiSG1hY1NIQTI1NiIsInR5cCI6ICJKV1QiLCJyZXNvdXJjZSI6IiIgLCAiZ2VuZXJhdGlvblRpbWUiIDoiMTY2MjUyOTE0NzM4OSIgLCAiZXhwaXJ5VGltZSIgOiIxNjYzMTI5MTQ3Mzg5In0=.e30=.Ul7CGPtH9UzlZ6spbsoR/VBI24bh2q5Ej+oUU41fTrE="}],"url":{"raw":"https://dc-transactionBS-qat.np4a.paas.bip.uk.fid-intl.com/transactions/v1/transactions?accountId=C080644","protocol":"https","host":["dc-transactionBS-qat","np4a","paas","bip","uk","fid-intl","com"],"path":["transactions","v1","transactions"],"query":[{"key":"accountId","value":"C080644"}]}},"response":[]},{"name":"Entitlement PRF-with SASC present","id":"3bc77070-2b97-4fc6-aad4-b4912eb519a5","protocolProfileBehavior":{"disableBodyPruning":true},"request":{"method":"GET","header":[{"key":"FIL-Routing-Context","value":"B2B-GBL-WORKPLACE-INVESTING","type":"text"},{"key":"token","value":"eyJhbGciOiAiSG1hY1NIQTI1NiIsInR5cCI6ICJKV1QiLCJyZXNvdXJjZSI6IiIgLCAiZ2VuZXJhdGlvblRpbWUiIDoiMTY3NDIxMjUyMjU0MCIgLCAiZXhwaXJ5VGltZSIgOiIxNjc0ODEyNTIyNTQwIn0=.e30=.ojcj+751YN+v15EB1XvnE5YanNDLxz219jvcTaYSI0g=","type":"text"},{"key":"FID-CUSTOMER-ID-TYPE","value":"WID","type":"text"},{"key":"FID-LOG-TRACKING-ID","value":"C080644","type":"text"},{"key":"correlationId","value":"C080644","type":"text"},{"key":"FIL-CHANNEL","value":"WEB","type":"text"},{"key":"FIL-CALLER-REFERENCE","value":"PLANVIEWER","type":"text"},{"key":"fidCustomerIdType","value":"WID","type":"text"},{"key":"FIL-BUSINESS","value":"WORKPLACE_INVESTING","type":"text"},{"key":"FIL-JOURNEY","value":"Plan_Summary","type":"text"},{"key":"FIL-REQUESTER-ID","value":"C080644","type":"text"},{"key":"FIL-REQUESTER-TYPE","value":"CUSTOMER","type":"text"},{"key":"requestid","value":"C080644","type":"text"}],"url":{"raw":"https://dc-memberaccountbssit.np3a.paas.bip.uk.fid-intl.com/api/member/v2/customers/5EC78716CEF26CDD503B58453707E919/employer/DEFAULT/plan/DEFAULT","protocol":"https","host":["dc-memberaccountbssit","np3a","paas","bip","uk","fid-intl","com"],"path":["api","member","v2","customers","5EC78716CEF26CDD503B58453707E919","employer","DEFAULT","plan","DEFAULT"]}},"response":[]},{"name":"Entitlement PRF-with SASC","id":"9d6f2286-aafe-40bf-92ba-a679aa5fd89b","protocolProfileBehavior":{"disableBodyPruning":true},"request":{"auth":{"type":"apikey","apikey":[{"key":"value","value":"{{token}}","type":"string"},{"key":"key","value":"token","type":"string"}]},"method":"GET","header":[{"key":"FIL-Routing-Context","value":"B2B-GBL-WORKPLACE-INVESTING","type":"text"},{"key":"FID-CUSTOMER-ID-TYPE","value":"WID","type":"text"},{"key":"FID-LOG-TRACKING-ID","value":"C080644","type":"text"},{"key":"correlationId","value":"C080644","type":"text"},{"key":"FIL-CHANNEL","value":"WEB","type":"text"},{"key":"FIL-CALLER-REFERENCE","value":"PLANVIEWER","type":"text"},{"key":"fidCustomerIdType","value":"WID","type":"text"},{"key":"FIL-BUSINESS","value":"WORKPLACE_INVESTING","type":"text"},{"key":"FIL-JOURNEY","value":"Plan_Summary","type":"text"},{"key":"FIL-REQUESTER-ID","value":"C080644","type":"text"},{"key":"FIL-REQUESTER-TYPE","value":"CUSTOMER","type":"text"},{"key":"requestid","value":"C080644","type":"text"}],"url":{"raw":"https://dc-memberaccountbssit.np3a.paas.bip.uk.fid-intl.com/api/member/v2/customers/D371C2F5888BB9AF6A3CC67A37E20469/employer/DEFAULT/plan/DEFAULT","protocol":"https","host":["dc-memberaccountbssit","np3a","paas","bip","uk","fid-intl","com"],"path":["api","member","v2","customers","D371C2F5888BB9AF6A3CC67A37E20469","employer","DEFAULT","plan","DEFAULT"]}},"response":[]},{"name":"Entitlement PRF-NO SASC","id":"2a2ef723-d78f-4fcd-8edc-adce71abd510","protocolProfileBehavior":{"disableBodyPruning":true},"request":{"auth":{"type":"apikey","apikey":[{"key":"value","value":"{{token}}","type":"string"},{"key":"key","value":"token","type":"string"}]},"method":"GET","header":[{"key":"FIL-Routing-Context","value":"B2B-GBL-WORKPLACE-INVESTING","type":"text"},{"key":"FID-CUSTOMER-ID-TYPE","value":"WID","type":"text"},{"key":"FID-LOG-TRACKING-ID","value":"C080644","type":"text"},{"key":"correlationId","value":"C080644","type":"text"},{"key":"FIL-CHANNEL","value":"WEB","type":"text"},{"key":"FIL-CALLER-REFERENCE","value":"PLANVIEWER","type":"text"},{"key":"fidCustomerIdType","value":"WID","type":"text"},{"key":"FIL-BUSINESS","value":"WORKPLACE_INVESTING","type":"text"},{"key":"FIL-JOURNEY","value":"Plan_Summary","type":"text"},{"key":"FIL-REQUESTER-ID","value":"C080644","type":"text"},{"key":"FIL-REQUESTER-TYPE","value":"CUSTOMER","type":"text"},{"key":"requestid","value":"C080644","type":"text"}],"url":{"raw":"https://dc-memberaccountbssit.np3a.paas.bip.uk.fid-intl.com/api/member/v2/customers/CBB2D46A033B8A228F6DE10B59DA99C5/employer/DEFAULT/plan/DEFAULT","protocol":"https","host":["dc-memberaccountbssit","np3a","paas","bip","uk","fid-intl","com"],"path":["api","member","v2","customers","CBB2D46A033B8A228F6DE10B59DA99C5","employer","DEFAULT","plan","DEFAULT"]}},"response":[]}],"variable":[{"id":"5d39dabd-16d3-4b08-800c-50b27e61adef","key":"token","value":"eyJhbGciOiAiSG1hY1NIQTI1NiIsInR5cCI6ICJKV1QiLCJyZXNvdXJjZSI6IiIgLCAiZ2VuZXJhdGlvblRpbWUiIDoiMTY3NTIyODY4MDExOCIgLCAiZXhwaXJ5VGltZSIgOiIxNjc1ODI4NjgwMTE4In0=.e30=.OrT3fxpY190IzGspSo/4B+ukHarTJsfW1Ypti3dCipc="}]}