{"info":{"_postman_id":"373431b4-8766-4d44-bf40-1af150308737","name":"APIGEE_FEPP Integration Testing","schema":"https://schema.getpostman.com/json/collection/v2.1.0/collection.json"},"item":[{"name":"Previnet APIGEE Token_QA","event":[{"listen":"test","script":{"id":"37bb9529-e5d6-4b88-b91d-c6d2baeffedf","exec":[""],"type":"text/javascript"}}],"id":"7d42014c-6349-4d2a-91a2-2bf4a8889b95","protocolProfileBehavior":{"disableBodyPruning":true},"request":{"method":"POST","header":[],"body":{"mode":"urlencoded","urlencoded":[{"key":"grant_type","value":"client_credentials","type":"text"},{"key":"client_id","value":"qtAjrmjGoQVioBgknIo9lnIivdGKWirg","type":"text","disabled":true},{"key":"client_secret","value":"haVomMnEkhb7En6FxqWVj3pdecFkxSrX","type":"text","disabled":true},{"key":"client_id","value":"HAfef3qm1DLHj0nNe909c6Y9QJQismDA","type":"text"},{"key":"client_secret","value":"VF4KDELtbj9uIxNPO00V7AEPh9ceNKrm","type":"text"}]},"url":{"raw":"https://stage.api.fil.com/identity/v1/tokens","protocol":"https","host":["stage","api","fil","com"],"path":["identity","v1","tokens"]}},"response":[]},{"name":"Person API_FIL","id":"78d7f878-cc83-4567-93b1-2c4065c018cd","protocolProfileBehavior":{"disableBodyPruning":true},"request":{"method":"GET","header":[{"key":"Authorization","value":"Bearer rtFKod174tTB3WRqXmuqz7aqItFR","type":"text"},{"key":"requestId","value":"123435","type":"text"},{"key":"FIL-BUSINESS","value":"WORKPLACE_INVESTING","type":"text"},{"key":"FIL-CHANNEL","value":"WEB","type":"text"},{"key":"FIL-REQUESTER-ID","value":"100","type":"text"},{"key":"FIL-REQUESTER-TYPE","value":"CUSTOMER","type":"text"},{"key":"FIL-JOURNEY","value":"HOMEPAGE","type":"text"},{"key":"FIL-CALLER-REFERENCE","value":"PLANVIEWER","type":"text"}],"url":{"raw":"https://stage.api.fil.com/persons/v1/person/40ED2A38DF933D62F1AAFE2D7F8EB38B","protocol":"https","host":["stage","api","fil","com"],"path":["persons","v1","person","40ED2A38DF933D62F1AAFE2D7F8EB38B"]}},"response":[]},{"name":"Person API_FEPP","id":"1d3768c1-7c74-48f0-8772-d58975d15cfa","protocolProfileBehavior":{"disableBodyPruning":true},"request":{"method":"GET","header":[{"key":"Authorization","type":"text","value":"Bearer PZNNmneUPFtn4hkOWO5LprGfzKfI"},{"key":"requestId","type":"text","value":"testankit141"},{"key":"FIL-BUSINESS","type":"text","value":"WORKPLACE_INVESTING"},{"key":"FIL-CHANNEL","type":"text","value":"WEB"},{"key":"FIL-REQUESTER-ID","type":"text","value":"100"},{"key":"FIL-REQUESTER-TYPE","type":"text","value":"CUSTOMER"},{"key":"FIL-JOURNEY","type":"text","value":"HOMEPAGE"},{"key":"FIL-CALLER-REFERENCE","type":"text","value":"PLANVIEWER"}],"url":{"raw":"https://stage.api.fil.com/persons/v1/person/100","protocol":"https","host":["stage","api","fil","com"],"path":["persons","v1","person","100"]}},"response":[]},{"name":"Person core entity API_FEPP","id":"cff82fe3-af44-4f15-a3ef-b16cb03334b3","protocolProfileBehavior":{"disableBodyPruning":true},"request":{"method":"GET","header":[{"key":"Authorization","type":"text","value":"Bearer mT0jP3xL0kaqf1QZIzkTGQsF4ig8"},{"key":"requestId","type":"text","value":"testankit141"},{"key":"FIL-BUSINESS","type":"text","value":"WORKPLACE_INVESTING"},{"key":"FIL-CHANNEL","type":"text","value":"WEB"},{"key":"FIL-REQUESTER-ID","type":"text","value":"100"},{"key":"FIL-REQUESTER-TYPE","type":"text","value":"CUSTOMER"},{"key":"FIL-JOURNEY","type":"text","value":"HOMEPAGE"},{"key":"FIL-CALLER-REFERENCE","type":"text","value":"PLANVIEWER"}],"url":{"raw":"https://stage.api.fil.com/partner/fmr/wi/person-core-entities/v1/person-account-scheme-organisation?personId=100","protocol":"https","host":["stage","api","fil","com"],"path":["partner","fmr","wi","person-core-entities","v1","person-account-scheme-organisation"],"query":[{"key":"personId","value":"100"}]}},"response":[]},{"name":"Partner Person Core Entity Stage FIL","id":"d9c45e26-dd3d-4337-9c44-3f9320007ca9","protocolProfileBehavior":{"disableBodyPruning":true},"request":{"method":"GET","header":[{"key":"Authorization","value":"Bearer JOd6vQaydDhsf9npqvX2DNdiKbhX","type":"text"},{"key":"FIL-BUSINESS","value":"WORKPLACE_INVESTING","type":"text"},{"key":"FIL-REQUEST-ID","value":"asd1234","type":"text"},{"key":"FIL-REQUESTER-ID","value":"1212121212","type":"text"},{"key":"FIL-CHANNEL","value":"WEB","type":"text"},{"key":"FIL-CALLER-REFERENCE","value":"PLAN_VIEWER","type":"text"},{"key":"FIL-REQUESTER-TYPE","value":"CUSTOMER","type":"text"},{"key":"FIL-JOURNEY","value":"Plan_Summary","type":"text"},{"key":"requestId","value":"asss1234986786","type":"text"},{"key":"FIL-CUSTOMER-ID","value":"1212121212","type":"text"}],"url":{"raw":"https://stage.api.fil.com/partner/fmr/wi/person-core-entities/v1/person-account-scheme-organisation?personId=40ED2A38DF933D62F1AAFE2D7RTBBS","protocol":"https","host":["stage","api","fil","com"],"path":["partner","fmr","wi","person-core-entities","v1","person-account-scheme-organisation"],"query":[{"key":"personId","value":"40ED2A38DF933D62F1AAFE2D7RTBBS"}]}},"response":[]},{"name":"Scheme API_FIL","id":"b0a627a7-de63-45dd-a94c-21a6fb2405ee","protocolProfileBehavior":{"disableBodyPruning":true},"request":{"method":"GET","header":[{"key":"Authorization","value":"Bearer uQtg349c25qGVxkt6mbVdTLkFvtr","type":"text"},{"key":"requestId","value":"Reema12345","type":"text"},{"key":"FIL-CUSTOMER-ID","value":"Test12387","type":"text"},{"key":"FIL-CHANNEL","value":"WEB","type":"text"},{"key":"FIL-CALLER-REFERENCE","value":"PLANVIEWER","type":"text"},{"key":"FIL-JOURNEY","value":"PLAN_SUMMARY","type":"text"},{"key":"FIL-BUSINESS","value":"WORKPLACE_INVESTING","type":"text"},{"key":"FIL-REQUESTER-TYPE","value":"CUSTOMER","type":"text"},{"key":"FIL-REQUESTER-ID","value":"test123","type":"text"}],"url":{"raw":"https://stage.api.fil.com/schemes/v1/scheme/BNAR","protocol":"https","host":["stage","api","fil","com"],"path":["schemes","v1","scheme","BNAR"]}},"response":[]},{"name":"Scheme API_FEPP","id":"194e729d-dd55-4ab8-8c04-3dd944d4f7b6","protocolProfileBehavior":{"disableBodyPruning":true},"request":{"method":"GET","header":[{"key":"Authorization","value":"Bearer rV2XyMLG9enRZ8G45FvRRXVzqL39","type":"text"},{"key":"requestId","value":"12345678","type":"text"},{"key":"FIL-CUSTOMER-ID","value":"Test12387","type":"text"},{"key":"FIL-CHANNEL","value":"WEB","type":"text"},{"key":"FIL-CALLER-REFERENCE","value":"PLANVIEWER","type":"text"},{"key":"FIL-JOURNEY","value":"PLAN_SUMMARY","type":"text"},{"key":"FIL-BUSINESS","value":"WORKPLACE_INVESTING","type":"text"},{"key":"FIL-REQUESTER-TYPE","value":"CUSTOMER","type":"text"},{"key":"FIL-REQUESTER-ID","value":"test123","type":"text"}],"url":{"raw":"https://stage.api.fil.com/schemes/v1/scheme/FEPA100025","protocol":"https","host":["stage","api","fil","com"],"path":["schemes","v1","scheme","FEPA100025"]}},"response":[]},{"name":"Entitlement API_FIL","id":"6fe0c298-56c4-42ce-abf1-c25791ed2f80","protocolProfileBehavior":{"disableBodyPruning":true},"request":{"method":"GET","header":[{"key":"requestId","value":"Reema12345","type":"text"},{"key":"FIL-CUSTOMER-ID","value":"Test12387","type":"text"},{"key":"FIL-CHANNEL","value":"WEB","type":"text"},{"key":"FIL-CALLER-REFERENCE","value":"plan_viewer","type":"text"},{"key":"FIL-JOURNEY","value":"HOMEPAGE","type":"text"},{"key":"FIL-BUSINESS","value":"workplace_investing","type":"text"},{"key":"FIL-REQUESTER-TYPE","value":"customer","type":"text"},{"key":"apikey","value":"3c99edfd-dc9c-4bb4-a0c0-f577f1987853","type":"text","disabled":true},{"key":"FIL-REQUESTER-ID","value":"test123","type":"text"},{"key":"FID-CUSTOMER-ID-TYPE","value":"WID","type":"text"},{"key":"FID-LOG-TRACKING-ID","value":"34234234","type":"text"},{"key":"Authorization","value":"Bearer rX0GXzMj4A7NAneIWRXzDNqQA43j","type":"text"}],"url":{"raw":"https://stage.api.fil.com/partner/fmr/wi/entitlements/v1/customers/001945C15EB332484078F5269FB3D664/employer/VA32/plan/VA32?accountId=5317963","protocol":"https","host":["stage","api","fil","com"],"path":["partner","fmr","wi","entitlements","v1","customers","001945C15EB332484078F5269FB3D664","employer","VA32","plan","VA32"],"query":[{"key":"accountId","value":"5317963"}]}},"response":[]},{"name":"Entitlement API_FEPP","id":"5a9cda4b-428c-466e-9954-5844b37d67aa","protocolProfileBehavior":{"disableBodyPruning":true},"request":{"method":"GET","header":[{"key":"requestId","value":"Reema12345","type":"text"},{"key":"FIL-CUSTOMER-ID","value":"Test12387","type":"text"},{"key":"FIL-CHANNEL","value":"WEB","type":"text"},{"key":"FIL-CALLER-REFERENCE","value":"plan_viewer","type":"text"},{"key":"FIL-JOURNEY","value":"HOMEPAGE","type":"text"},{"key":"FIL-BUSINESS","value":"workplace_investing","type":"text"},{"key":"FIL-REQUESTER-TYPE","value":"customer","type":"text"},{"key":"apikey","value":"3c99edfd-dc9c-4bb4-a0c0-f577f1987853","type":"text","disabled":true},{"key":"FIL-REQUESTER-ID","value":"3001","type":"text"},{"key":"FID-CUSTOMER-ID-TYPE","value":"WID","type":"text","disabled":true},{"key":"FID-LOG-TRACKING-ID","value":"34234234","type":"text","disabled":true},{"key":"Authorization","value":"Bearer vvP11NH1AflQ0YwLnRVLNMCy72Lc","type":"text"}],"url":{"raw":"https://stage.api.fil.com/partner/fmr/wi/entitlements/v1/customers/3001/employer/E0001/plan/FEPA100025?accountId=3001-E0001-FEPA100025","protocol":"https","host":["stage","api","fil","com"],"path":["partner","fmr","wi","entitlements","v1","customers","3001","employer","E0001","plan","FEPA100025"],"query":[{"key":"accountId","value":"3001-E0001-FEPA100025"}]}},"response":[]},{"name":"Valuations API_FEPP","id":"89d85fd9-2e4c-4610-8bfa-c82c75d1bbe1","protocolProfileBehavior":{"disableBodyPruning":true},"request":{"method":"GET","header":[{"key":"requestId","value":"Reema12345","type":"text"},{"key":"FIL-CUSTOMER-ID","value":"Test12387","type":"text"},{"key":"FIL-CHANNEL","value":"WEB","type":"text"},{"key":"FIL-CALLER-REFERENCE","value":"plan_viewer","type":"text"},{"key":"FIL-JOURNEY","value":"HOMEPAGE","type":"text"},{"key":"FIL-BUSINESS","value":"workplace_investing","type":"text"},{"key":"FIL-REQUESTER-TYPE","value":"customer","type":"text"},{"key":"FIL-REQUESTER-ID","value":"44","type":"text"},{"key":"apikey","value":"80b1c500-63e7-4883-b595-25d5aaddf170","type":"text","disabled":true},{"key":"Authorization","value":"Bearer r5GliGcsRDGxd4TIpvG8GW2Zr3qW","type":"text"}],"url":{"raw":"https://stage.api.fil.com/holdings/v1/valuations?accountId=44-E0002-FEPA100025","protocol":"https","host":["stage","api","fil","com"],"path":["holdings","v1","valuations"],"query":[{"key":"accountId","value":"44-E0002-FEPA100025"}]}},"response":[]},{"name":"Holdings & Valuations API_FIL","id":"e6f5e346-35c7-4534-bab9-de00e47391e8","protocolProfileBehavior":{"disableBodyPruning":true},"request":{"method":"GET","header":[{"key":"requestId","value":"Reema12345","type":"text"},{"key":"FIL-CUSTOMER-ID","value":"Test12387","type":"text"},{"key":"FIL-CHANNEL","value":"WEB","type":"text"},{"key":"FIL-CALLER-REFERENCE","value":"plan_viewer","type":"text"},{"key":"FIL-JOURNEY","value":"HOMEPAGE","type":"text"},{"key":"FIL-BUSINESS","value":"workplace_investing","type":"text"},{"key":"FIL-REQUESTER-TYPE","value":"customer","type":"text"},{"key":"FIL-REQUESTER-ID","value":"test123","type":"text"},{"key":"apikey","value":"80b1c500-63e7-4883-b595-25d5aaddf170","type":"text","disabled":true},{"key":"Authorization","value":"Bearer gOy6wNwf6IPxdFV114HqLL5NLodD","type":"text"}],"url":{"raw":"https://stage.api.fil.com/holdings/v1/valuations?accountId=C0327A6","protocol":"https","host":["stage","api","fil","com"],"path":["holdings","v1","valuations"],"query":[{"key":"accountId","value":"C0327A6"}]}},"response":[]},{"name":"Transaction_FIL","id":"96b21c19-a498-4ce9-8e16-dbb755848dc5","protocolProfileBehavior":{"disableBodyPruning":true},"request":{"method":"GET","header":[{"key":"requestId","value":"Reema12345","type":"text"},{"key":"FIL-CUSTOMER-ID","value":"Test12387","type":"text"},{"key":"FIL-CHANNEL","value":"WEB","type":"text"},{"key":"FIL-CALLER-REFERENCE","value":"plan_viewer","type":"text"},{"key":"FIL-JOURNEY","value":"HOMEPAGE","type":"text"},{"key":"FIL-BUSINESS","value":"workplace_investing","type":"text"},{"key":"FIL-REQUESTER-TYPE","value":"customer","type":"text"},{"key":"FIL-REQUESTER-ID","value":"test123","type":"text"},{"key":"Authorization","value":"Bearer CYtWLQCpMFs7dQ3cCwlLO87ewAUb","type":"text"}],"url":{"raw":"https://stage.api.fil.com/transaction/v1/transactions?accountId=C027CCE","protocol":"https","host":["stage","api","fil","com"],"path":["transaction","v1","transactions"],"query":[{"key":"accountId","value":"C027CCE"}]}},"response":[]},{"name":"Transaction_FEPP","id":"676996a8-7d4d-4983-820f-902fa0f97bd9","protocolProfileBehavior":{"disableBodyPruning":true},"request":{"method":"GET","header":[{"key":"requestId","value":"Reema12345","type":"text"},{"key":"FIL-CUSTOMER-ID","value":"Test12387","type":"text"},{"key":"FIL-CHANNEL","value":"WEB","type":"text"},{"key":"FIL-CALLER-REFERENCE","value":"plan_viewer","type":"text"},{"key":"FIL-JOURNEY","value":"HOMEPAGE","type":"text"},{"key":"FIL-BUSINESS","value":"workplace_investing","type":"text"},{"key":"FIL-REQUESTER-TYPE","value":"customer","type":"text"},{"key":"FIL-REQUESTER-ID","value":"3001","type":"text"},{"key":"Authorization","value":"Bearer j2aHxYaW2ReyZg3UWBvwGzMxXATU","type":"text"}],"url":{"raw":"https://stage.api.fil.com/transaction/v1/transactions?accountId=3001-E0001-FEPA100025","protocol":"https","host":["stage","api","fil","com"],"path":["transaction","v1","transactions"],"query":[{"key":"accountId","value":"3001-E0001-FEPA100025"}]}},"response":[]},{"name":"Projections API_FEPP","id":"61fe95c4-f17e-4fce-9768-e51f9b24fbb4","protocolProfileBehavior":{"disableBodyPruning":true},"request":{"method":"GET","header":[{"key":"Authorization","value":"Bearer PR0Aj4QvJFTNVpUMBoLwQJGv2GOf"},{"key":"requestId","value":"qwertyu"},{"key":"FIL-BUSINESS","value":"WORKPLACE_INVESTING"},{"key":"FIL-CHANNEL","value":"WEB"},{"key":"FIL-REQUESTER-ID","value":"3001"},{"key":"FIL-REQUESTER-TYPE","value":"CUSTOMER"},{"key":"FIL-JOURNEY","value":"HOMEPAGE"},{"key":"FIL-CALLER-REFERENCE","value":"PLANVIEWER"}],"url":{"raw":"https://stage.api.fil.com/partner/fmr/wi/projections/v1/projection?accountId=3001-E0001-FEPA100025","protocol":"https","host":["stage","api","fil","com"],"path":["partner","fmr","wi","projections","v1","projection"],"query":[{"key":"accountId","value":"3001-E0001-FEPA100025"}]}},"response":[]},{"name":"Accounts Statistics_FEPP","id":"9df2e943-8ee9-4b7a-872e-d7d7366b63b7","protocolProfileBehavior":{"disableBodyPruning":true},"request":{"method":"GET","header":[{"key":"Authorization","value":"Bearer JTRg5YldAwwGL2Aqg7s7US7aaIq1"},{"key":"FIL-BUSINESS","value":"WORKPLACE_INVESTING"},{"key":"FIL-REQUESTER-ID","value":"3002"},{"key":"FIL-CHANNEL","value":"WEB"},{"key":"FIL-CALLER-REFERENCE","value":"PLAN_VIEWER"},{"key":"FIL-REQUESTER-TYPE","value":"CUSTOMER"},{"key":"FIL-JOURNEY","value":"Plan_Summary"},{"key":"requestId","value":"requestid"},{"key":"FIL-CUSTOMER-ID","value":"customerid"}],"url":{"raw":"https://stage.api.fil.com/accounts/v2/account/3002-E0002-FEPA100025/statistics?name=performance","protocol":"https","host":["stage","api","fil","com"],"path":["accounts","v2","account","3002-E0002-FEPA100025","statistics"],"query":[{"key":"name","value":"performance"}]}},"response":[]}]}