{"info":{"_postman_id":"4c9a70a3-a132-4bc6-911a-b41db03c2572","name":"Partner-AWS-API","schema":"https://schema.getpostman.com/json/collection/v2.1.0/collection.json"},"item":[{"name":"Cognito-access-token","event":[{"listen":"test","script":{"id":"03282ce8-d364-4aca-b871-fd64226883e4","exec":["var jsonData = JSON.parse(responseBody);\r","pm.collectionVariables.set(\"auth-token\", jsonData.access_token);"],"type":"text/javascript"}}],"id":"b469fb6a-6c6d-4d6a-bb62-6f9a5630b3e8","protocolProfileBehavior":{"disableBodyPruning":true},"request":{"auth":{"type":"basic","basic":[{"key":"password","value":"1pifktrhcnnr0mttjnsjt5bflqv8d57ck1258m7rk89jfps7bbmg","type":"string"},{"key":"username","value":"5pa7irb8sc504d437ss7aenvu3","type":"string"}]},"method":"POST","header":[{"key":"Cache-Control","value":"no-cache"},{"key":"Content-Type","value":"application/x-www-form-urlencoded"},{"key":"Postman-Token","value":"50979ead-374d-48f2-a341-980a0e3bdc47"}],"body":{"mode":"urlencoded","urlencoded":[{"type":"text","key":"grant_type","value":"client_credentials"},{"type":"text","key":"scope","value":"wi-partner-resource-server/read"}]},"url":{"raw":"https://np-wipartner.auth.eu-west-1.amazoncognito.com/oauth2/token","protocol":"https","host":["np-wipartner","auth","eu-west-1","amazoncognito","com"],"path":["oauth2","token"]}},"response":[]},{"name":"QA 1.1 Valuations","id":"a313f151-058e-4e10-8556-0641d516cfa2","protocolProfileBehavior":{"disableBodyPruning":true},"request":{"auth":{"type":"apikey","apikey":[{"key":"value","value":"{{auth-token}}","type":"string"},{"key":"key","value":"auth-token","type":"string"}]},"method":"GET","header":[{"key":"Cache-Control","value":"no-cache"},{"key":"FID-LOG-TRACKING-ID","value":"anki111"},{"key":"FIL-BUSINESS","value":"WORKPLACE_INVESTING"},{"key":"FIL-CALLER-REFERENCE","value":"PLAN_VIEWER"},{"key":"FIL-CHANNEL","value":"WEB"},{"key":"FIL-JOURNEY","value":"MANAGE_BENEFICIARY"},{"key":"FIL-REQUESTER-ID","value":"123e4567-e89b-12d3-a456-426614174000"},{"key":"FIL-REQUESTER-TYPE","value":"CUSTOMER"},{"key":"Postman-Token","value":"5d620e6e-fe0c-4889-bd32-a69f4cba982a"},{"key":"authKey","value":"U2VjdXJpdHlJc0F0TW9zdEltcG9ydGFuY2U6MXRzckFJbjFOR2N0cyZER1Mh"},{"key":"requestId","value":"trrequest12234656"},{"key":"x-api-key","value":"wTcGPXV0yyaFumK6DQ7KG5l13USiwCT79StMchZx"}],"url":{"raw":"https://qa-pv-partner.npwipartnerapi.fidelity.co.uk/valuations?timePeriod=ONE_YEAR_FROM_YESTERDAY&accountId=P00001C","protocol":"https","host":["qa-pv-partner","npwipartnerapi","fidelity","co","uk"],"path":["valuations"],"query":[{"key":"timePeriod","value":"ONE_YEAR_FROM_YESTERDAY"},{"key":"accountId","value":"P00001C"}]}},"response":[]},{"name":"QA SVC Healthcheck","id":"95a3a8a8-2e2f-46de-a90a-17f3638225da","protocolProfileBehavior":{"disableBodyPruning":true},"request":{"method":"GET","header":[],"url":{"raw":"https://qaapis.npwipartnerapi.npaws.ukfilcld/svc/planviewer-partner-api/actuator/health","protocol":"https","host":["qaapis","npwipartnerapi","npaws","ukfilcld"],"path":["svc","planviewer-partner-api","actuator","health"]}},"response":[]},{"name":"QA 1.1 AccountContribution","id":"0f8b70af-9c9e-4ae8-8d6e-bdb37ddb283e","protocolProfileBehavior":{"disableBodyPruning":true},"request":{"auth":{"type":"apikey","apikey":[{"key":"value","value":"{{auth-token}}","type":"string"},{"key":"key","value":"auth-token","type":"string"}]},"method":"GET","header":[{"key":"Cache-Control","value":"no-cache"},{"key":"FID-LOG-TRACKING-ID","value":"anki111"},{"key":"FIL-BUSINESS","value":"WORKPLACE_INVESTING"},{"key":"FIL-CALLER-REFERENCE","value":"PLAN_VIEWER"},{"key":"FIL-CHANNEL","value":"WEB"},{"key":"FIL-JOURNEY","value":"MANAGE_BENEFICIARY"},{"key":"FIL-REQUESTER-ID","value":"123e4567-e89b-12d3-a456-426614174000"},{"key":"FIL-REQUESTER-TYPE","value":"CUSTOMER"},{"key":"Postman-Token","value":"5d620e6e-fe0c-4889-bd32-a69f4cba982a"},{"key":"authKey","value":"U2VjdXJpdHlJc0F0TW9zdEltcG9ydGFuY2U6MXRzckFJbjFOR2N0cyZER1Mh"},{"key":"requestId","value":"trrequest12234656"},{"key":"x-api-key","value":"wTcGPXV0yyaFumK6DQ7KG5l13USiwCT79StMchZx"}],"url":{"raw":"https://qa-pv-partner.npwipartnerapi.fidelity.co.uk/account/5179268/contributions","protocol":"https","host":["qa-pv-partner","npwipartnerapi","fidelity","co","uk"],"path":["account","5179268","contributions"]}},"response":[]}],"variable":[{"id":"085c14a4-306f-4e3e-b441-d7fe70928583","key":"auth-token","value":""}]}