{"info":{"_postman_id":"6b3b07f2-50ea-4b17-b42a-13dc193c9b18","name":"Previnet-Local only","schema":"https://schema.getpostman.com/json/collection/v2.1.0/collection.json"},"item":[{"name":"L-Authenticator_NodeJS","id":"2fb5396a-bb8f-440f-bdba-680b65730404","protocolProfileBehavior":{"disableBodyPruning":true},"request":{"method":"GET","header":[{"key":"FIL-BUSINESS","value":"WORKPLACE_INVESTING"},{"key":"FIL-JOURNEY","value":"PLAN_SUMMARY"},{"key":"requestId","value":"ravrocks123"},{"key":"FIL-REQUESTER-ID","value":"159"},{"key":"FIL-CALLER-REFERENCE","value":"PLANVIEWER"},{"key":"FIL-REQUESTER-TYPE","value":"CUSTOMER"},{"key":"FIL-CUSTOMER-ID","value":"1212121212"},{"key":"authKey","value":"Test123"},{"key":"env","value":"sit","type":"text"}],"url":{"raw":"localhost:3000/data/persons/v1/person/159","host":["localhost"],"port":"3000","path":["data","persons","v1","person","159"]}},"response":[]},{"name":"L-Adapter_Java Copy 2","id":"52b477d0-db69-4580-825c-beaa7a4a52a4","protocolProfileBehavior":{"disableBodyPruning":true},"request":{"method":"GET","header":[{"key":"FIL-BUSINESS","value":"WORKPLACE_INVESTING"},{"key":"FIL-JOURNEY","value":"PLAN_SUMMARY"},{"key":"requestId","value":"asd1234"},{"key":"FIL-REQUESTER-ID","value":"112"},{"key":"FIL-CALLER-REFERENCE","value":"PLANVIEWER"},{"key":"FIL-REQUESTER-TYPE","value":"CUSTOMER"},{"key":"FIL-CUSTOMER-ID","value":"1212121212"},{"key":"authKey","value":"Test123 "},{"key":"env","value":"SIT","type":"text"}],"url":{"raw":"localhost:8080/person-core-entities/v1/person-account-scheme-organisation?personId=112","host":["localhost"],"port":"8080","path":["person-core-entities","v1","person-account-scheme-organisation"],"query":[{"key":"personId","value":"112"}]}},"response":[]},{"name":"L-Authenticator_NodeJS Health","id":"4c86cd8f-f00e-4043-ada2-25a467896f9b","protocolProfileBehavior":{"disableBodyPruning":true},"request":{"method":"GET","header":[{"key":"FIL-BUSINESS","value":"WORKPLACE_INVESTING"},{"key":"FIL-JOURNEY","value":"PLAN_SUMMARY"},{"key":"requestId","value":"asd1234"},{"key":"FIL-REQUESTER-ID","value":"101"},{"key":"FIL-CALLER-REFERENCE","value":"PLANVIEWER"},{"key":"FIL-REQUESTER-TYPE","value":"CUSTOMER"},{"key":"FIL-CUSTOMER-ID","value":"1212121212"},{"key":"authKey","value":"Test123"}],"url":{"raw":"localhost:3000/healthcheck","host":["localhost"],"port":"3000","path":["healthcheck"]}},"response":[]},{"name":"L-Authenticator_NodeJS Copy","id":"fb5b4652-5e8e-49ce-96f8-f1ca97874048","protocolProfileBehavior":{"disableBodyPruning":true},"request":{"method":"GET","header":[{"key":"FIL-BUSINESS","value":"WORKPLACE_INVESTING"},{"key":"FIL-JOURNEY","value":"PLAN_SUMMARY"},{"key":"requestId","value":"asd1234"},{"key":"FIL-REQUESTER-ID","value":"112"},{"key":"FIL-CALLER-REFERENCE","value":"PLANVIEWER"},{"key":"FIL-REQUESTER-TYPE","value":"CUSTOMER"},{"key":"FIL-CUSTOMER-ID","value":"1212121212"},{"key":"authKey","value":"Test123"},{"key":"env","value":"SIT","type":"text"}],"url":{"raw":"localhost:3000/data/person-core-entities/v1/person-account-scheme-organisation?personId=112","host":["localhost"],"port":"3000","path":["data","person-core-entities","v1","person-account-scheme-organisation"],"query":[{"key":"personId","value":"112"}]}},"response":[]},{"name":"L-AccountStats-Authenticator","id":"33950d5c-50a8-4e48-a44a-84c745fb38d8","protocolProfileBehavior":{"disableBodyPruning":true},"request":{"method":"GET","header":[{"key":"FIL-BUSINESS","value":"WORKPLACE_INVESTING"},{"key":"FIL-JOURNEY","value":"Plan_Summary"},{"key":"requestId","value":"PERFTest123"},{"key":"FIL-REQUESTER-ID","value":"20"},{"key":"FIL-CHANNEL","value":"WEB"},{"key":"FIL-CALLER-REFERENCE","value":"PLANVIEWER"},{"key":"FIL-REQUESTER-TYPE","value":"CUSTOMER"},{"key":"FIL-CUSTOMER-ID","value":"1212121212"},{"key":"authkey","value":"69ac66e5-82b1-4170-9e30-8a0aaa837762"},{"key":"env","value":"PER"}],"url":{"raw":"http://localhost:3000/data/accounts/v2/account/20-E0002-FEPA100025/statistics?name=performance","protocol":"http","host":["localhost"],"port":"3000","path":["data","accounts","v2","account","20-E0002-FEPA100025","statistics"],"query":[{"key":"name","value":"performance"}]}},"response":[]},{"name":"AccStats-Local","id":"1ee648a7-3f93-4011-beb0-afdedc17a727","protocolProfileBehavior":{"disableBodyPruning":true},"request":{"method":"GET","header":[{"key":"FIL-BUSINESS","value":"WORKPLACE_INVESTING"},{"key":"FIL-JOURNEY","value":"Plan_Summary"},{"key":"requestId","value":"PERFTest123"},{"key":"FIL-REQUESTER-ID","value":"20"},{"key":"FIL-CHANNEL","value":"WEB"},{"key":"FIL-CALLER-REFERENCE","value":"PLANVIEWER"},{"key":"FIL-REQUESTER-TYPE","value":"CUSTOMER"},{"key":"FIL-CUSTOMER-ID","value":"1212121212"},{"key":"authkey","value":"69ac66e5-82b1-4170-9e30-8a0aaa837762"},{"key":"env","value":"PER"}],"url":{"raw":"http://localhost:3000/data/accounts/v2/account/20-E0002-FEPA100025/statistics?name=performance","protocol":"http","host":["localhost"],"port":"3000","path":["data","accounts","v2","account","20-E0002-FEPA100025","statistics"],"query":[{"key":"name","value":"performance"}]}},"response":[]}]}