{"info":{"_postman_id":"76b6df41-1f80-4357-a3df-14d9bf9911d1","name":"Account-DataService-PaaS","schema":"https://schema.getpostman.com/json/collection/v2.1.0/collection.json"},"item":[{"name":"Local healthcheck","id":"5c511203-d868-4489-bd76-2c1ba81f2ab7","protocolProfileBehavior":{"disableBodyPruning":true},"request":{"method":"GET","header":[],"url":{"raw":"http://localhost:8080/healthCheckConnections","protocol":"http","host":["localhost"],"port":"8080","path":["healthCheckConnections"]}},"response":[]},{"name":"Web healthcheck","id":"a2b20eed-351f-47b8-8a7a-aad82d0f69d2","protocolProfileBehavior":{"disableBodyPruning":true},"request":{"method":"GET","header":[],"url":{"raw":"http://wi-account-data-service-dev.np3a.paas.bip.uk.fid-intl.com/healthCheckConnections","protocol":"http","host":["wi-account-data-service-dev","np3a","paas","bip","uk","fid-intl","com"],"path":["healthCheckConnections"]}},"response":[]},{"name":"Actuator/health","id":"64524a7a-5b7c-452b-bb58-07c0862dc32b","protocolProfileBehavior":{"disableBodyPruning":true},"request":{"method":"GET","header":[{"key":"requestId","value":"ravrocks","type":"text"}],"url":{"raw":"http://wi-account-data-service-dev.np3a.paas.bip.uk.fid-intl.com/actuator/health","protocol":"http","host":["wi-account-data-service-dev","np3a","paas","bip","uk","fid-intl","com"],"path":["actuator","health"]}},"response":[]},{"name":"Investment-strategies-Local","id":"e083a20e-eeeb-4da4-b325-4632503a23f2","protocolProfileBehavior":{"disableBodyPruning":true},"request":{"method":"GET","header":[{"key":"requestId","value":"ravrocks"},{"key":"FIL-CUSTOMER-ID","value":"Test12387$"},{"key":"FIL-CHANNEL","value":"WEB"},{"key":"FIL-CALLER-REFERENCE","value":"plan_viewer"},{"key":"FIL-JOURNEY","value":"HOMEPAGE123"},{"key":"FIL-BUSINESS","value":"workplace_investing"},{"key":"FIL-REQUESTER-TYPE","value":"customer"},{"key":"apikey","value":"9668e348-a7ea-11eb-bcbc-0242ac130002"},{"key":"FIL-REQUESTER-ID","value":"test123"},{"key":"authkey","value":"9668e348-a7ea-11eb-bcbc-0242ac130002","type":"text"}],"url":{"raw":"localhost:8080/accounts/v2/data/investment-strategies/snapshot?snapshotDate=2022-08-04&accountId=5226901","host":["localhost"],"port":"8080","path":["accounts","v2","data","investment-strategies","snapshot"],"query":[{"key":"snapshotDate","value":"2022-08-04"},{"key":"accountId","value":"5226901"}]}},"response":[]},{"name":"Web health-GREEN","id":"cdfcdda4-ac65-4aa8-af13-de3937bbfd47","protocolProfileBehavior":{"disableBodyPruning":true},"request":{"method":"GET","header":[],"url":{"raw":"http://wi-account-data-service-DEV-green.np3a.paas.bip.uk.fid-intl.com/healthCheckConnections","protocol":"http","host":["wi-account-data-service-DEV-green","np3a","paas","bip","uk","fid-intl","com"],"path":["healthCheckConnections"]}},"response":[]},{"name":"Web health-GREEN Copy","id":"0256435d-9bdf-4603-8cb7-8e0fa5e95846","protocolProfileBehavior":{"disableBodyPruning":true},"request":{"method":"GET","header":[],"url":{"raw":"http://wi-account-data-service-DEV-green.np3a.paas.bip.uk.fid-intl.com/actuator/health","protocol":"http","host":["wi-account-data-service-DEV-green","np3a","paas","bip","uk","fid-intl","com"],"path":["actuator","health"]}},"response":[]},{"name":"Investment-strategies-Web","id":"b5e49841-2679-4ec7-b16b-fece86246bf2","protocolProfileBehavior":{"disableBodyPruning":true},"request":{"method":"GET","header":[{"key":"requestId","value":"ravrocks"},{"key":"FIL-CUSTOMER-ID","value":"Test12387"},{"key":"FIL-CHANNEL","value":"WEB"},{"key":"FIL-CALLER-REFERENCE","value":"plan_viewer"},{"key":"FIL-JOURNEY","value":"HOMEPAGE123"},{"key":"FIL-BUSINESS","value":"workplace_investing"},{"key":"FIL-REQUESTER-TYPE","value":"customer"},{"key":"apikey","value":"9668e348-a7ea-11eb-bcbc-0242ac130002"},{"key":"FIL-REQUESTER-ID","value":"ravrocks"},{"key":"authkey","value":"9668e348-a7ea-11eb-bcbc-0242ac130002","type":"text"}],"url":{"raw":"http://wi-account-data-service-dev.np3a.paas.bip.uk.fid-intl.com/accounts/v2/data/investment-strategies/snapshot?snapshotDate=2022-08-04&accountId=5226901","protocol":"http","host":["wi-account-data-service-dev","np3a","paas","bip","uk","fid-intl","com"],"path":["accounts","v2","data","investment-strategies","snapshot"],"query":[{"key":"snapshotDate","value":"2022-08-04"},{"key":"accountId","value":"5226901"}]}},"response":[]},{"name":"Getcontribution-np4","id":"f46d857c-a532-493b-b417-544a0da43ade","protocolProfileBehavior":{"disableBodyPruning":true},"request":{"method":"GET","header":[{"key":"requestId","value":"ravrocks-qat"},{"key":"FIL-CUSTOMER-ID","value":"Test12387"},{"key":"FIL-CHANNEL","value":"WEB"},{"key":"FIL-CALLER-REFERENCE","value":"plan_viewer"},{"key":"FIL-JOURNEY","value":"HOMEPAGE123"},{"key":"FIL-BUSINESS","value":"workplace_investing"},{"key":"FIL-REQUESTER-TYPE","value":"customer"},{"key":"apikey","value":"9668e348-a7ea-11eb-bcbc-0242ac130002"},{"key":"FIL-REQUESTER-ID","value":"test123"},{"key":"authkey","value":"9668e348-a7ea-11eb-bcbc-0242ac130002","type":"text"}],"url":{"raw":"http://wi-account-data-service-QAT.npapps.paas.bip.uk.fid-intl.com/accounts/v2/data/accounts/contributions?accountId=5179268","protocol":"http","host":["wi-account-data-service-QAT","npapps","paas","bip","uk","fid-intl","com"],"path":["accounts","v2","data","accounts","contributions"],"query":[{"key":"accountId","value":"5179268"}]}},"response":[]},{"name":"API/v1/health","id":"58b5c5d7-d013-4a99-a963-29ad0e455c49","protocolProfileBehavior":{"disableBodyPruning":true},"request":{"method":"GET","header":[],"url":{"raw":"http://wi-account-data-service-qat.np3a.paas.bip.uk.fid-intl.com/v1/api/health","protocol":"http","host":["wi-account-data-service-qat","np3a","paas","bip","uk","fid-intl","com"],"path":["v1","api","health"]}},"response":[]},{"name":"PRO health","id":"0cb8e626-81b2-4449-9265-9ff1b31b543b","protocolProfileBehavior":{"disableBodyPruning":true},"request":{"method":"GET","header":[],"url":{"raw":"https://wi-account-data-service-prd-green.apps.paas.bip.uk.fid-intl.com/healthCheckConnections","protocol":"https","host":["wi-account-data-service-prd-green","apps","paas","bip","uk","fid-intl","com"],"path":["healthCheckConnections"]}},"response":[]},{"name":"PRO healthLoadbalancer","id":"658e5a8a-368a-426a-aaee-1754102d3ec7","protocolProfileBehavior":{"disableBodyPruning":true},"request":{"method":"GET","header":[],"url":{"raw":"https://wi-account-data-service-prd.apps.paas.bip.uk.fid-intl.com/v1/api/health","protocol":"https","host":["wi-account-data-service-prd","apps","paas","bip","uk","fid-intl","com"],"path":["v1","api","health"]}},"response":[]},{"name":"GetPreferences QAT","id":"d4553ff4-6fcb-4ed1-87be-974b5f9ef157","protocolProfileBehavior":{"disableBodyPruning":true},"request":{"method":"GET","header":[{"key":"FIL-REQUESTER-ID","value":"dsfdfdffs"},{"key":"FIL-REQUESTER-TYPE","value":"CUSTOMER"},{"key":"apiKey","value":"9668e348-a7ea-11eb-bcbc-0242ac130002"},{"key":"requestId","value":"23565"},{"key":"FIL-BUSINESS","value":"WORKPLACE_INVESTING"},{"key":"FIL-JOURNEY","value":"Plan_Summary"},{"key":"FIL-CHANNEL","value":"WEB"},{"key":"FIL-CALLER-REFERENCE","value":"PLAN_VIEWER"},{"key":"FIL-CUSTOMER-ID","value":"1212121212"}],"url":{"raw":"https://wi-account-data-service-qat.npapps.paas.bip.uk.fid-intl.com/accounts/v2/account/5179268/preferences","protocol":"https","host":["wi-account-data-service-qat","npapps","paas","bip","uk","fid-intl","com"],"path":["accounts","v2","account","5179268","preferences"]}},"response":[]}]}