{"info":{"_postman_id":"797418d3-5086-4092-8407-f5d344d67c00","name":"Previnet_NodeJS_POC","schema":"https://schema.getpostman.com/json/collection/v2.1.0/collection.json"},"item":[{"name":"AWS-poc-healthcheck Copy","id":"1fcb5738-5ca6-4b3c-a6ba-7105742e405a","protocolProfileBehavior":{"disableBodyPruning":true},"request":{"method":"GET","header":[{"key":"FIL-BUSINESS","value":"WORKPLACE_INVESTING"},{"key":"FIL-JOURNEY","value":"PLAN_SUMMARY"},{"key":"requestId","value":"rav123"},{"key":"FIL-REQUESTER-ID","value":"112"},{"key":"FIL-CHANNEL","value":"WEB"},{"key":"FIL-CALLER-REFERENCE","value":"PLANVIEWER"},{"key":"FIL-REQUESTER-TYPE","value":"CUSTOMER"},{"key":"FIL-CUSTOMER-ID","value":"1212121212"},{"key":"authkey","value":"69ac66e5-82b1-4170-9e30-8a0aaa837762"},{"key":"env","value":"sit","type":"text"}],"url":{"raw":"https://internal-release1-dev-ECSALB-2023166847.eu-west-1.elb.amazonaws.com/GWWE-8928-wi-previnet-api/healthcheck","protocol":"https","host":["internal-release1-dev-ECSALB-2023166847","eu-west-1","elb","amazonaws","com"],"path":["GWWE-8928-wi-previnet-api","healthcheck"]}},"response":[]},{"name":"AWS-poc-adapter2","id":"772457db-a9c4-4bdb-8ae4-cfcf9a470f5b","protocolProfileBehavior":{"disableBodyPruning":true},"request":{"method":"GET","header":[{"key":"FIL-BUSINESS","value":"WORKPLACE_INVESTING"},{"key":"FIL-JOURNEY","value":"PLAN_SUMMARY"},{"key":"requestId","value":"rav123"},{"key":"FIL-REQUESTER-ID","value":"112"},{"key":"FIL-CHANNEL","value":"WEB"},{"key":"FIL-CALLER-REFERENCE","value":"PLANVIEWER"},{"key":"FIL-REQUESTER-TYPE","value":"CUSTOMER"},{"key":"FIL-CUSTOMER-ID","value":"1212121212"},{"key":"authkey","value":"69ac66e5-82b1-4170-9e30-8a0aaa837762"},{"key":"env","value":"sit","type":"text"}],"url":{"raw":"https://internal-release1-dev-ECSALB-2023166847.eu-west-1.elb.amazonaws.com/GWWE-8928-wi-previnet-api/person-core-entities/v1/person-account-scheme-organisation?personId=112","protocol":"https","host":["internal-release1-dev-ECSALB-2023166847","eu-west-1","elb","amazonaws","com"],"path":["GWWE-8928-wi-previnet-api","person-core-entities","v1","person-account-scheme-organisation"],"query":[{"key":"personId","value":"112"}]}},"response":[]},{"name":"AWS-poc-Adapter Copy","id":"383e5d66-c854-4039-ae3c-d3c6b3f9a0e4","protocolProfileBehavior":{"disableBodyPruning":true},"request":{"method":"GET","header":[{"key":"FIL-BUSINESS","value":"WORKPLACE_INVESTING"},{"key":"FIL-JOURNEY","value":"PLAN_SUMMARY"},{"key":"requestId","value":"rav123"},{"key":"FIL-REQUESTER-ID","value":"124"},{"key":"FIL-CHANNEL","value":"WEB"},{"key":"FIL-CALLER-REFERENCE","value":"PLANVIEWER"},{"key":"FIL-REQUESTER-TYPE","value":"CUSTOMER"},{"key":"FIL-CUSTOMER-ID","value":"1212121212"},{"key":"authkey","value":"69ac66e5-82b1-4170-9e30-8a0aaa837762"},{"key":"env","value":"SIT","type":"text"}],"url":{"raw":"https://internal-release1-dev-ECSALB-2023166847.eu-west-1.elb.amazonaws.com/GWWE-8928-wi-previnet-api/person-core-entities/v1/person-account-scheme-organisation?personId=124","protocol":"https","host":["internal-release1-dev-ECSALB-2023166847","eu-west-1","elb","amazonaws","com"],"path":["GWWE-8928-wi-previnet-api","person-core-entities","v1","person-account-scheme-organisation"],"query":[{"key":"personId","value":"124"}]}},"response":[]}]}