{"info":{"_postman_id":"7c4e9399-1ce8-4331-857c-65e8c27a43ec","name":"dc-fund-xml","schema":"https://schema.getpostman.com/json/collection/v2.1.0/collection.json"},"item":[{"name":"healthcheck local","id":"b8544124-6675-47ad-a030-24d9e76cf3dc","protocolProfileBehavior":{"disableBodyPruning":true},"request":{"method":"GET","header":[],"url":{"raw":"localhost:8095/healthCheckConnections","host":["localhost"],"port":"8095","path":["healthCheckConnections"]}},"response":[]},{"name":"generate local","id":"227f710c-6c24-4b3e-ad94-596eb8f357da","protocolProfileBehavior":{"disableBodyPruning":true},"request":{"method":"POST","header":[{"key":"authkey","value":"ZnVuZGFwaXVzZXI6bW9uZGF5MTIz","type":"text"}],"url":{"raw":"localhost:8095/generate","host":["localhost"],"port":"8095","path":["generate"]}},"response":[]},{"name":"UAT healthcheck","id":"05712ea0-8f90-458a-a9d2-1bc1c339a364","protocolProfileBehavior":{"disableBodyPruning":true},"request":{"method":"GET","header":[],"url":{"raw":"http://dc-FundXmlGenUAT.np3a.paas.bip.uk.fid-intl.com/healthCheckConnections","protocol":"http","host":["dc-FundXmlGenUAT","np3a","paas","bip","uk","fid-intl","com"],"path":["healthCheckConnections"]}},"response":[]}]}