{"info":{"_postman_id":"82905960-38c6-4325-baaa-a175631f8abc","name":"QA_Accounts_SecurityApproval","schema":"https://schema.getpostman.com/json/collection/v2.1.0/collection.json"},"item":[{"name":"Cognito Auth-token generation Copy","event":[{"listen":"prerequest","script":{"id":"e2369365-b4a7-401c-a84a-42fc25e054ee","exec":[""],"type":"text/javascript"}},{"listen":"test","script":{"id":"febf0792-30b4-469a-822f-0924e7b772a3","exec":["var jsonData = JSON.parse(responseBody);\r","pm.collectionVariables.set(\"auth-token\", jsonData.access_token);"],"type":"text/javascript"}}],"id":"e533328e-a2c1-4132-b773-b5e630f6c72e","protocolProfileBehavior":{"disableBodyPruning":true},"request":{"auth":{"type":"basic","basic":[{"key":"password","value":"qpmkmadlr7eq0nm0lnimh6ldi4koua44cbmcvl88qur5bt4kjlt","type":"string"},{"key":"username","value":"nvc5vb0qraqg30o24p3ovruos","type":"string"}]},"method":"POST","header":[{"key":"Cache-Control","value":"no-cache"},{"key":"Content-Type","value":"application/x-www-form-urlencoded"},{"key":"Postman-Token","value":"fe559269-d614-452a-994f-996bde67e195"}],"body":{"mode":"urlencoded","urlencoded":[{"type":"text","key":"grant_type","value":"client_credentials"}]},"url":{"raw":"https://np-wiaccmgmt.auth.eu-west-1.amazoncognito.com/oauth2/token","protocol":"https","host":["np-wiaccmgmt","auth","eu-west-1","amazoncognito","com"],"path":["oauth2","token"]}},"response":[]},{"name":"FutureContributions Copy","id":"03fee339-c73a-462a-8ce1-5e6713bec1ed","protocolProfileBehavior":{"disableBodyPruning":true},"request":{"auth":{"type":"apikey","apikey":[{"key":"value","value":"{{auth-token}}","type":"string"},{"key":"key","value":"auth-token","type":"string"}]},"method":"GET","header":[{"key":"Cache-Control","value":"no-cache"},{"key":"FIL-REQUESTER-ID","value":"ravrocks"},{"key":"FIL-REQUESTER-TYPE","value":"CUSTOMER"},{"key":"Postman-Token","value":"a6611363-f4d0-49f1-b4e6-aa8efa11bf65"},{"key":"authKey","value":"a5a87364-b87a-11eb-8529-0242ac130003"},{"key":"requestId","value":"ravrocks321"},{"key":"x-api-key","value":"g6IiCeUKrV9k4lykidq3W2ivnOR5n5LD64BfyEoY","type":"text"}],"url":{"raw":"https://qa-accounts.npwpfhwiaccmgmt.fidelity.co.uk/account-apigateway/accounts/v2/account/C001C2A/future-contributions","protocol":"https","host":["qa-accounts","npwpfhwiaccmgmt","fidelity","co","uk"],"path":["account-apigateway","accounts","v2","account","C001C2A","future-contributions"]}},"response":[]},{"name":"Controls Copy","id":"1020123d-c6cf-46a1-9d72-51bed05c53cb","protocolProfileBehavior":{"disableBodyPruning":true},"request":{"auth":{"type":"apikey","apikey":[{"key":"value","value":"{{auth-token}}","type":"string"},{"key":"key","value":"auth-token","type":"string"}]},"method":"GET","header":[{"key":"Cache-Control","value":"no-cache"},{"key":"FIL-REQUESTER-ID","value":"ravrocks"},{"key":"FIL-REQUESTER-TYPE","value":"CUSTOMER"},{"key":"Postman-Token","value":"a6611363-f4d0-49f1-b4e6-aa8efa11bf65"},{"key":"authKey","value":"a5a87364-b87a-11eb-8529-0242ac130003"},{"key":"requestId","value":"ravrocks321"},{"key":"x-api-key","value":"g6IiCeUKrV9k4lykidq3W2ivnOR5n5LD64BfyEoY","type":"text"}],"url":{"raw":"https://qa-accounts.npwpfhwiaccmgmt.fidelity.co.uk/account-apigateway/accounts/v2/account/5179268/controls","protocol":"https","host":["qa-accounts","npwpfhwiaccmgmt","fidelity","co","uk"],"path":["account-apigateway","accounts","v2","account","5179268","controls"]}},"response":[]},{"name":"Statistics Copy","id":"0bf42dae-ae00-441b-915c-ba7c8726ceb7","protocolProfileBehavior":{"disableBodyPruning":true},"request":{"auth":{"type":"apikey","apikey":[{"key":"value","value":"{{auth-token}}","type":"string"},{"key":"key","value":"auth-token","type":"string"}]},"method":"GET","header":[{"key":"Cache-Control","value":"no-cache"},{"key":"FIL-REQUESTER-ID","value":"ravrocks"},{"key":"FIL-REQUESTER-TYPE","value":"CUSTOMER"},{"key":"Postman-Token","value":"a6611363-f4d0-49f1-b4e6-aa8efa11bf65"},{"key":"authKey","value":"a5a87364-b87a-11eb-8529-0242ac130003"},{"key":"requestId","value":"ravrocks321"},{"key":"x-api-key","value":"g6IiCeUKrV9k4lykidq3W2ivnOR5n5LD64BfyEoY","type":"text"}],"url":{"raw":"https://qa-accounts.npwpfhwiaccmgmt.fidelity.co.uk/account-apigateway/accounts/v2/account/5179268/statistics","protocol":"https","host":["qa-accounts","npwpfhwiaccmgmt","fidelity","co","uk"],"path":["account-apigateway","accounts","v2","account","5179268","statistics"]}},"response":[]},{"name":"Get Preferences Copy","event":[{"listen":"test","script":{"id":"4eb1beae-042f-4c89-b27a-10b10503b20a","exec":[""],"type":"text/javascript"}}],"id":"f56926b4-0219-494c-98b1-4815ba500ed4","protocolProfileBehavior":{"disableBodyPruning":true},"request":{"auth":{"type":"apikey","apikey":[{"key":"value","value":"{{auth-token}}","type":"string"},{"key":"key","value":"auth-token","type":"string"}]},"method":"GET","header":[{"key":"requestId","value":"temp444"},{"key":"FIL-REQUESTER-ID","value":"3001"},{"key":"FIL-REQUESTER-TYPE","value":"CUSTOMER"},{"key":"x-api-key","value":"g6IiCeUKrV9k4lykidq3W2ivnOR5n5LD64BfyEoY"},{"key":"authkey","value":"a5a87364-b87a-11eb-8529-0242ac130003"},{"key":"Content-Type","value":"application/json"}],"body":{"mode":"raw","raw":"{\n\"accountPreferences\": {\n\"paperlessPreference\": \"YES\",\n\"subscriptionDetails\": [\n{\n\"type\": \"MARKETING_CAMPAIGNS_GUIDANCE_BY_EMAIL\",\n\"value\": \"NOT_SUBSCRIBED\"\n}\n]\n}\n}"},"url":{"raw":"https://qa-accounts.npwpfhwiaccmgmt.fidelity.co.uk/account-apigateway/accounts/v2/account/C001C2A/preferences","protocol":"https","host":["qa-accounts","npwpfhwiaccmgmt","fidelity","co","uk"],"path":["account-apigateway","accounts","v2","account","C001C2A","preferences"]}},"response":[]},{"name":"Accounts/v2/account/accountid Copy","event":[{"listen":"test","script":{"id":"4eb1beae-042f-4c89-b27a-10b10503b20a","exec":[""],"type":"text/javascript"}}],"id":"c2f8d022-59c8-4f4d-a2b9-0546974c1aa0","protocolProfileBehavior":{"disableBodyPruning":true},"request":{"auth":{"type":"apikey","apikey":[{"key":"value","value":"{{auth-token}}","type":"string"},{"key":"key","value":"auth-token","type":"string"}]},"method":"GET","header":[{"key":"requestId","value":"temp444"},{"key":"FIL-REQUESTER-ID","value":"3001"},{"key":"FIL-REQUESTER-TYPE","value":"CUSTOMER"},{"key":"x-api-key","value":"g6IiCeUKrV9k4lykidq3W2ivnOR5n5LD64BfyEoY"},{"key":"authkey","value":"a5a87364-b87a-11eb-8529-0242ac130003"},{"key":"Content-Type","value":"application/json"}],"body":{"mode":"raw","raw":"{\n\"accountPreferences\": {\n\"paperlessPreference\": \"YES\",\n\"subscriptionDetails\": [\n{\n\"type\": \"MARKETING_CAMPAIGNS_GUIDANCE_BY_EMAIL\",\n\"value\": \"NOT_SUBSCRIBED\"\n}\n]\n}\n}"},"url":{"raw":"https://qa-accounts.npwpfhwiaccmgmt.fidelity.co.uk/account-apigateway/accounts/v2/account/C001C2A","protocol":"https","host":["qa-accounts","npwpfhwiaccmgmt","fidelity","co","uk"],"path":["account-apigateway","accounts","v2","account","C001C2A"]}},"response":[]},{"name":"PATCH Preferences Copy","id":"4690221c-6893-49b3-919e-efa3dc9eb9fb","protocolProfileBehavior":{"disableBodyPruning":true},"request":{"auth":{"type":"apikey","apikey":[{"key":"value","value":"{{auth-token}}","type":"string"},{"key":"key","value":"auth-token","type":"string"}]},"method":"PATCH","header":[{"key":"FIL-REQUESTER-ID","value":"dsfdfdffs"},{"key":"FIL-REQUESTER-TYPE","value":"CUSTOMER"},{"key":"authkey","value":"a5a87364-b87a-11eb-8529-0242ac130003"},{"key":"requestId","value":"23565dtd56"},{"key":"FIL-BUSINESS","value":"WORKPLACE_INVESTING"},{"key":"FIL-JOURNEY","value":"Plan_Summary"},{"key":"FIL-CHANNEL","value":"WEB"},{"key":"FIL-CALLER-REFERENCE","value":"PLAN_VIEWER"},{"key":"FIL-CUSTOMER-ID","value":"1212121212"},{"key":"Content-Type","value":"application/json"},{"key":"x-api-key","value":"g6IiCeUKrV9k4lykidq3W2ivnOR5n5LD64BfyEoY"}],"body":{"mode":"raw","raw":"{\n\n\n\n\"accountPreferences\": {\n\n\n\n\"paperlessPreference\": \"NO\",\n\n\n\n\"subscriptionDetails\": [\n\n\n\n{\n\n\n\n\"type\": \"MARKETING_CAMPAIGNS_GUIDANCE_BY_EMAIL\",\n\n\n\n\"value\": \"NOT_SUBSCRIBED\"\n\n\n\n}\n\n\n\n]\n\n\n\n}\n\n\n\n}"},"url":{"raw":"https://qa-accounts.npwpfhwiaccmgmt.fidelity.co.uk/account-apigateway/accounts/v2/account/C084001/preferences","protocol":"https","host":["qa-accounts","npwpfhwiaccmgmt","fidelity","co","uk"],"path":["account-apigateway","accounts","v2","account","C084001","preferences"]}},"response":[]}],"variable":[{"id":"5de9af21-f2cb-4c4e-bbf3-8d39325d3b3e","key":"auth-token","value":""}]}