{"info":{"_postman_id":"8a7c4268-de01-4573-acb9-20f337b57bd8","name":"MemberAccountBS","schema":"https://schema.getpostman.com/json/collection/v2.1.0/collection.json"},"item":[{"name":"HealthCheck QAT","id":"813b3852-0b28-40c7-bd23-2eba1a334724","protocolProfileBehavior":{"disableBodyPruning":true},"request":{"method":"GET","header":[],"url":{"raw":"http://dc-memberaccountbsqat.np3a.paas.bip.uk.fid-intl.com/api/v1/healthCheckConnections","protocol":"http","host":["dc-memberaccountbsqat","np3a","paas","bip","uk","fid-intl","com"],"path":["api","v1","healthCheckConnections"]}},"response":[]},{"name":"HealthCheck UAT","id":"9dc29415-1e29-4db2-a11d-aa62d29bf7da","protocolProfileBehavior":{"disableBodyPruning":true},"request":{"method":"GET","header":[],"url":{"raw":"http://dc-memberaccountbs.apps.paas.bip.uk.fid-intl.com/api/v1/healthCheckConnections","protocol":"http","host":["dc-memberaccountbs","apps","paas","bip","uk","fid-intl","com"],"path":["api","v1","healthCheckConnections"]}},"response":[]},{"name":"Entitlement Member QAT","id":"39465708-c318-4944-b44d-41da133059ae","protocolProfileBehavior":{"disableBodyPruning":true},"request":{"method":"GET","header":[{"key":"correlationId","value":"Test890"},{"key":"fidCustomerIdType","value":"WID"},{"key":"token","value":"eyJhbGciOiAiSG1hY1NIQTI1NiIsInR5cCI6ICJKV1QiLCJyZXNvdXJjZSI6IiIgLCAiZ2VuZXJhdGlvblRpbWUiIDoiMTY3MzUxOTU5MTAyOCIgLCAiZXhwaXJ5VGltZSIgOiIxNjc0MTE5NTkxMDI4In0=.e30=.yq/95pgowR4taZcSdM58R+JdrwXMWOOKR3p8pVWwu9s=","type":"text"}],"url":{"raw":"https://dc-memberaccountbsqat.np3a.paas.bip.uk.fid-intl.com/api/member/v2/customers/F514B92A333CDC3AA3476836416A8911/employer/C019A21/plan/ATKE","protocol":"https","host":["dc-memberaccountbsqat","np3a","paas","bip","uk","fid-intl","com"],"path":["api","member","v2","customers","F514B92A333CDC3AA3476836416A8911","employer","C019A21","plan","ATKE"]}},"response":[]},{"name":"Entitlement Partner EBF","id":"e5ec85b0-df4e-400e-94e0-899f7faa14c6","protocolProfileBehavior":{"disableBodyPruning":true},"request":{"method":"GET","header":[{"key":"apiKey","value":"bWVtYmVyYWNjYnNhcGl1c2VyOm1vbmRheTEyMw=="},{"key":"FIL-BUSINESS","value":"WORKPLACE_INVESTING"},{"key":"FIL-JOURNEY","value":"Plan_Summary"},{"key":"requestid","value":"asd1234"},{"key":"FIL-REQUESTER-ID","value":"1212121212"},{"key":"FIL-CHANNEL","value":"WEB"},{"key":"FIL-CALLER-REFERENCE","value":"PLANVIEWER"},{"key":"FIL-REQUESTER-TYPE","value":"CUSTOMER"},{"key":"FIL-CUSTOMER-ID","value":"1212121212"},{"key":"token","value":"eyJhbGciOiAiSG1hY1NIQTI1NiIsInR5cCI6ICJKV1QiLCJyZXNvdXJjZSI6IiIgLCAiZ2VuZXJhdGlvblRpbWUiIDoiMTY3MzUxOTU5MTAyOCIgLCAiZXhwaXJ5VGltZSIgOiIxNjc0MTE5NTkxMDI4In0=.e30=.yq/95pgowR4taZcSdM58R+JdrwXMWOOKR3p8pVWwu9s="},{"key":"FID-LOG-TRACKING-ID","value":"Checking123","type":"text"}],"url":{"raw":"https://dc-memberaccountbsebf.np3a.paas.bip.uk.fid-intl.com/api/member/v2/customers/F514B92A333CDC3AA3476836416A8911/employer/C019A21/plan/ATKE","protocol":"https","host":["dc-memberaccountbsebf","np3a","paas","bip","uk","fid-intl","com"],"path":["api","member","v2","customers","F514B92A333CDC3AA3476836416A8911","employer","C019A21","plan","ATKE"]}},"response":[]},{"name":"Entitlement DEV-with SASC","id":"a8002089-b4a8-4b7b-89ab-1ff60ca05fb9","protocolProfileBehavior":{"disableBodyPruning":true},"request":{"method":"GET","header":[{"key":"token","value":"eyJhbGciOiAiSG1hY1NIQTI1NiIsInR5cCI6ICJKV1QiLCJyZXNvdXJjZSI6IiIgLCAiZ2VuZXJhdGlvblRpbWUiIDoiMTY3MzUxOTU5MTAyOCIgLCAiZXhwaXJ5VGltZSIgOiIxNjc0MTE5NTkxMDI4In0=.e30=.yq/95pgowR4taZcSdM58R+JdrwXMWOOKR3p8pVWwu9s=","type":"text"},{"key":"FID-LOG-TRACKING-ID","value":"Issue42","type":"text"},{"key":"FIL-BUSINESS","value":"WORKPLACE_INVESTING","type":"text"},{"key":"FIL-JOURNEY","value":"Plan_Summary","type":"text"},{"key":"requestid","value":"Entitlement_Check","type":"text"},{"key":"FIL-REQUESTER-ID","value":"1212121212","type":"text"},{"key":"FIL-CHANNEL","value":"WEB","type":"text"},{"key":"FIL-CALLER-REFERENCE","value":"PLANVIEWER","type":"text"},{"key":"FIL-REQUESTER-TYPE","value":"CUSTOMER","type":"text"},{"key":"FIL-CUSTOMER-ID","value":"1212121212","type":"text"},{"key":"FID-CUSTOMER-ID-TYPE","value":"WID","type":"text"},{"key":"correlationId","value":"ravrockslocal","type":"text"},{"key":"FID-LOG-TRACKING-ID","value":"Issue42","type":"text"},{"key":"fidCustomerIdType","value":"WID","type":"text"}],"url":{"raw":"https://dc-memberaccountbsdev.np3a.paas.bip.uk.fid-intl.com/api/member/v2/customers/CBB2D46A033B8A228F6DE10B59DA99C5/employer/SHEL/plan/SHEL?accountId=C080644","protocol":"https","host":["dc-memberaccountbsdev","np3a","paas","bip","uk","fid-intl","com"],"path":["api","member","v2","customers","CBB2D46A033B8A228F6DE10B59DA99C5","employer","SHEL","plan","SHEL"],"query":[{"key":"accountId","value":"C080644"}]}},"response":[]},{"name":"Entitlement QAT-with SASC Copy","id":"1f8a7336-d004-48c6-b2d8-785e99aa9ee6","protocolProfileBehavior":{"disableBodyPruning":true},"request":{"method":"GET","header":[{"key":"token","value":"eyJhbGciOiAiSG1hY1NIQTI1NiIsInR5cCI6ICJKV1QiLCJyZXNvdXJjZSI6IiIgLCAiZ2VuZXJhdGlvblRpbWUiIDoiMTY3NDE5OTA1MDk2OSIgLCAiZXhwaXJ5VGltZSIgOiIxNjc0Nzk5MDUwOTY5In0=.e30=.cJr9LbKkNx93Bm9wrr9ZO/i22TcioGQUuEfyjBtR/vs=","type":"text"},{"key":"FID-LOG-TRACKING-ID","value":"Issue42","type":"text"},{"key":"FIL-BUSINESS","value":"WORKPLACE_INVESTING","type":"text"},{"key":"FIL-JOURNEY","value":"Plan_Summary","type":"text"},{"key":"FIL-REQUESTER-ID","value":"1212121212","type":"text"},{"key":"FIL-CHANNEL","value":"WEB","type":"text"},{"key":"FIL-CALLER-REFERENCE","value":"PLANVIEWER","type":"text"},{"key":"FIL-REQUESTER-TYPE","value":"CUSTOMER","type":"text"},{"key":"FIL-CUSTOMER-ID","value":"1212121212","type":"text"},{"key":"FID-CUSTOMER-ID-TYPE","value":"WID","type":"text"},{"key":"correlationId","value":"ravrocksqat","type":"text"},{"key":"FID-LOG-TRACKING-ID","value":"Issue42","type":"text"},{"key":"fidCustomerIdType","value":"WID","type":"text"},{"key":"requestId","value":"ravrocks-issue","type":"text"}],"url":{"raw":"https://dc-memberaccountbsqat.np3a.paas.bip.uk.fid-intl.com/api/member/v2/customers/CBB2D46A033B8A228F6DE10B59DA99C5/employer/SHEL/plan/SHEL?accountId=C080644","protocol":"https","host":["dc-memberaccountbsqat","np3a","paas","bip","uk","fid-intl","com"],"path":["api","member","v2","customers","CBB2D46A033B8A228F6DE10B59DA99C5","employer","SHEL","plan","SHEL"],"query":[{"key":"accountId","value":"C080644"}]}},"response":[]},{"name":"Entitlement QAT-no Salary","id":"b4b63cb4-2a56-4a46-b1ff-a9a0a2f3f8ce","protocolProfileBehavior":{"disableBodyPruning":true},"request":{"method":"GET","header":[{"key":"token","value":"eyJhbGciOiAiSG1hY1NIQTI1NiIsInR5cCI6ICJKV1QiLCJyZXNvdXJjZSI6IiIgLCAiZ2VuZXJhdGlvblRpbWUiIDoiMTY3MzUxOTU5MTAyOCIgLCAiZXhwaXJ5VGltZSIgOiIxNjc0MTE5NTkxMDI4In0=.e30=.yq/95pgowR4taZcSdM58R+JdrwXMWOOKR3p8pVWwu9s=","type":"text"},{"key":"FID-LOG-TRACKING-ID","value":"Issue42","type":"text"},{"key":"FIL-BUSINESS","value":"WORKPLACE_INVESTING","type":"text"},{"key":"FIL-JOURNEY","value":"Plan_Summary","type":"text"},{"key":"requestid","value":"Entitlement_Check","type":"text"},{"key":"FIL-REQUESTER-ID","value":"1212121212","type":"text"},{"key":"FIL-CHANNEL","value":"WEB","type":"text"},{"key":"FIL-CALLER-REFERENCE","value":"PLANVIEWER","type":"text"},{"key":"FIL-REQUESTER-TYPE","value":"CUSTOMER","type":"text"},{"key":"FIL-CUSTOMER-ID","value":"1212121212","type":"text"},{"key":"FID-CUSTOMER-ID-TYPE","value":"WID","type":"text"},{"key":"correlationId","value":"ravrockslocal","type":"text"},{"key":"FID-LOG-TRACKING-ID","value":"Issue42","type":"text"},{"key":"fidCustomerIdType","value":"WID","type":"text"}],"url":{"raw":"https://dc-memberaccountbsdev.np3a.paas.bip.uk.fid-intl.com/api/member/v2/customers/F514B92A333CDC3AA3476836416A8911/employer/C019A21/plan/ATKE","protocol":"https","host":["dc-memberaccountbsdev","np3a","paas","bip","uk","fid-intl","com"],"path":["api","member","v2","customers","F514B92A333CDC3AA3476836416A8911","employer","C019A21","plan","ATKE"]}},"response":[]},{"name":"Statistics ebf","id":"e6a61231-fef6-4690-9e15-d76294c0a073","protocolProfileBehavior":{"disableBodyPruning":true},"request":{"method":"GET","header":[{"key":"apiKey","value":"bWVtYmVyYWNjYnNhcGl1c2VyOm1vbmRheTEyMw=="},{"key":"FIL-BUSINESS","value":"WORKPLACE_INVESTING"},{"key":"FIL-JOURNEY","value":"Plan_Summary"},{"key":"requestid","value":"rav-stat"},{"key":"FIL-REQUESTER-ID","value":"1212121212"},{"key":"FIL-CHANNEL","value":"WEB"},{"key":"FIL-CALLER-REFERENCE","value":"PLANVIEWER"},{"key":"FIL-REQUESTER-TYPE","value":"CUSTOMER"},{"key":"FIL-CUSTOMER-ID","value":"1212121212"}],"url":{"raw":"https://dc-memberaccountbsebf.np3a.paas.bip.uk.fid-intl.com/api/accounts/v2/account/C0668B1/statistics?includedComponents=TOTAL_EXPENSE_RATIO,TRANSACTION_COST,DRAWDOWNACCOUNT_OPENINGDATE&totalReturnEndDate=2021-12-31&totalReturnStartDate=2021-11-28","protocol":"https","host":["dc-memberaccountbsebf","np3a","paas","bip","uk","fid-intl","com"],"path":["api","accounts","v2","account","C0668B1","statistics"],"query":[{"key":"includedComponents","value":"TOTAL_EXPENSE_RATIO,TRANSACTION_COST,DRAWDOWNACCOUNT_OPENINGDATE"},{"key":"totalReturnEndDate","value":"2021-12-31"},{"key":"totalReturnStartDate","value":"2021-11-28"}]}},"response":[]},{"name":"Statistics PRD","id":"cd547a5e-fa75-4f69-a5d1-12a325f7eaca","protocolProfileBehavior":{"disableBodyPruning":true},"request":{"method":"GET","header":[{"key":"apiKey","value":"bWVtYmVyYWNjYnNhcGl1c2VycHJkOjQzMjFqYW51YXJ5"},{"key":"FIL-BUSINESS","value":"WORKPLACE_INVESTING"},{"key":"FIL-JOURNEY","value":"Plan_Summary"},{"key":"requestid","value":"rav-stat"},{"key":"FIL-REQUESTER-ID","value":"1212121212"},{"key":"FIL-CHANNEL","value":"WEB"},{"key":"FIL-CALLER-REFERENCE","value":"PLANVIEWER"},{"key":"FIL-REQUESTER-TYPE","value":"CUSTOMER"},{"key":"FIL-CUSTOMER-ID","value":"1212121212"}],"url":{"raw":"https://dc-memberaccountbs.p3a.paas.bip.uk.fid-intl.com/api/accounts/v2/account/C0668B1/statistics","protocol":"https","host":["dc-memberaccountbs","p3a","paas","bip","uk","fid-intl","com"],"path":["api","accounts","v2","account","C0668B1","statistics"]}},"response":[]},{"name":"Entitlement EBF with ApiKey","id":"51ef24fc-0c2e-4fd8-8e89-efccf23ce8fd","protocolProfileBehavior":{"disableBodyPruning":true},"request":{"method":"GET","header":[{"key":"apiKey","value":"bWVtYmVyYWNjYnNhcGl1c2VyOm1vbmRheTEyMw=="},{"key":"FIL-BUSINESS","value":"WORKPLACE_INVESTING"},{"key":"FIL-JOURNEY","value":"Plan_Summary"},{"key":"requestid","value":"Entitlement_Issue123"},{"key":"FIL-REQUESTER-ID","value":"1212121212"},{"key":"FIL-CHANNEL","value":"WEB"},{"key":"FIL-CALLER-REFERENCE","value":"PLANVIEWER"},{"key":"FIL-REQUESTER-TYPE","value":"CUSTOMER"},{"key":"FIL-CUSTOMER-ID","value":"1212121212"},{"key":"FID-CUSTOMER-ID-TYPE","value":"WID"},{"key":"correlationId","value":"ravrocks-ebf"},{"key":"FID-LOG-TRACKING-ID","value":"Issue42"}],"url":{"raw":"https://dc-memberaccountbsebf.npapps.paas.bip.uk.fid-intl.com/partner/fmr/wi/entitlements/v1/customers/580F02D64334A5220A873E861D59033E/employer/C075705/plan/CSMT","protocol":"https","host":["dc-memberaccountbsebf","npapps","paas","bip","uk","fid-intl","com"],"path":["partner","fmr","wi","entitlements","v1","customers","580F02D64334A5220A873E861D59033E","employer","C075705","plan","CSMT"]}},"response":[]},{"name":"Entitlement QAT with ApiKey Copy","id":"36a4da86-5393-416b-97c1-5ef4b28b7bb5","protocolProfileBehavior":{"disableBodyPruning":true},"request":{"method":"GET","header":[{"key":"apiKey","value":"bWVtYmVyYWNjYnNhcGl1c2VyOm1vbmRheTEyMw=="},{"key":"FIL-BUSINESS","value":"WORKPLACE_INVESTING"},{"key":"FIL-JOURNEY","value":"Plan_Summary"},{"key":"requestid","value":"Entitlement_Issue123"},{"key":"FIL-REQUESTER-ID","value":"1212121212"},{"key":"FIL-CHANNEL","value":"WEB"},{"key":"FIL-CALLER-REFERENCE","value":"PLANVIEWER"},{"key":"FIL-REQUESTER-TYPE","value":"CUSTOMER"},{"key":"FIL-CUSTOMER-ID","value":"1212121212"},{"key":"FID-CUSTOMER-ID-TYPE","value":"WID"},{"key":"correlationId","value":"ravrocks-qat"},{"key":"FID-LOG-TRACKING-ID","value":"Issue42"}],"url":{"raw":"https://dc-memberaccountbsqat.np3a.paas.bip.uk.fid-intl.com/partner/fmr/wi/entitlements/v1/customers/580F02D64334A5220A873E861D59033E/employer/C0750C8/plan/CSMT","protocol":"https","host":["dc-memberaccountbsqat","np3a","paas","bip","uk","fid-intl","com"],"path":["partner","fmr","wi","entitlements","v1","customers","580F02D64334A5220A873E861D59033E","employer","C0750C8","plan","CSMT"]}},"response":[]},{"name":"local Partner/fmr/wi/entitlements-APIKEY","id":"03aaf7d6-dcde-4578-804c-d4a1e23e0632","protocolProfileBehavior":{"disableBodyPruning":true},"request":{"method":"GET","header":[{"key":"apiKey","value":"c2NoZW1lYXBpdXNlcjptb25kYXkxMjM="},{"key":"FIL-BUSINESS","value":"WORKPLACE_INVESTING"},{"key":"FIL-JOURNEY","value":"Plan_Summary"},{"key":"requestid","value":"Entitlement_Issue123"},{"key":"FIL-REQUESTER-ID","value":"1212121212"},{"key":"FIL-CHANNEL","value":"WEB"},{"key":"FIL-CALLER-REFERENCE","value":"PLANVIEWER"},{"key":"FIL-REQUESTER-TYPE","value":"CUSTOMER"},{"key":"FIL-CUSTOMER-ID","value":"1212121212"},{"key":"FID-CUSTOMER-ID-TYPE","value":"WID"},{"key":"correlationId","value":"ravrocks-qat"},{"key":"FID-LOG-TRACKING-ID","value":"Issue42"}],"url":{"raw":"localhost:8091/partner/fmr/wi/entitlements/v1/customers/580F02D64334A5220A873E861D59033E/employer/C075705/plan/CSMT","host":["localhost"],"port":"8091","path":["partner","fmr","wi","entitlements","v1","customers","580F02D64334A5220A873E861D59033E","employer","C075705","plan","CSMT"]}},"response":[]},{"name":"local Entitlement API (token)","id":"8a3225ec-0471-4427-ab76-4e64824ceb15","protocolProfileBehavior":{"disableBodyPruning":true},"request":{"auth":{"type":"apikey","apikey":[{"key":"value","value":"eyJhbGciOiAiSG1hY1NIQTI1NiIsInR5cCI6ICJKV1QiLCJyZXNvdXJjZSI6IiIgLCAiZ2VuZXJhdGlvblRpbWUiIDoiMTY3Mzk1MjA3Njk1NSIgLCAiZXhwaXJ5VGltZSIgOiIxNjc0NTUyMDc2OTU1In0=.e30=.7n1OyrX7AU11M/RnrL0tntmfhDC2tdWbyE4JIrob9D0=","type":"string"},{"key":"key","value":"token","type":"string"}]},"method":"GET","header":[{"key":"FIL-BUSINESS","value":"WORKPLACE_INVESTING"},{"key":"FIL-JOURNEY","value":"Plan_Summary"},{"key":"requestId","value":"4db852f9-809a-4821-82de","disabled":true},{"key":"FIL-REQUESTER-ID","value":"1212121212"},{"key":"FIL-CHANNEL","value":"WEB"},{"key":"FIL-CALLER-REFERENCE","value":"PLANVIEWER"},{"key":"FIL-REQUESTER-TYPE","value":"CUSTOMER"},{"key":"FIL-CUSTOMER-ID","value":"1212121212"},{"key":"FID-CUSTOMER-ID-TYPE","value":"WID"},{"key":"correlationId","value":"ravrockslocal"},{"key":"FID-LOG-TRACKING-ID","value":"Issue42"},{"key":"fidCustomerIdType","value":"WID","type":"text"}],"url":{"raw":"localhost:8091/api/member/v2/customers/CBB2D46A033B8A228F6DE10B59DA99C5/employer/C080644/plan/SHEL","host":["localhost"],"port":"8091","path":["api","member","v2","customers","CBB2D46A033B8A228F6DE10B59DA99C5","employer","C080644","plan","SHEL"]}},"response":[]},{"name":"local Account Stats","id":"ddf3e705-3989-4b9a-9e74-f8e98970489c","protocolProfileBehavior":{"disableBodyPruning":true},"request":{"method":"GET","header":[{"key":"FIL-REQUESTER-ID","value":"ravrocks-accountstats"},{"key":"FIL-REQUESTER-TYPE","value":"CUSTOMER"},{"key":"apiKey","value":"c2NoZW1lYXBpdXNlcjptb25kYXkxMjM="},{"key":"authKey","value":"a5a87364-b87a-11eb-8529-0242ac130003"},{"key":"requestId","value":"myinvst"}],"url":{"raw":"localhost:8091/api/accounts/v2/account/C05E048/statistics?includedComponents=TOTAL_EXPENSE_RATIO,TRANSACTION_COST,DRAWDOWN_ACCOUNTOPENINGDATE&totalReturnEndDate=2021-12-31&totalReturnStartDate=2021-11-28","host":["localhost"],"port":"8091","path":["api","accounts","v2","account","C05E048","statistics"],"query":[{"key":"includedComponents","value":"TOTAL_EXPENSE_RATIO,TRANSACTION_COST,DRAWDOWN_ACCOUNTOPENINGDATE"},{"key":"totalReturnEndDate","value":"2021-12-31"},{"key":"totalReturnStartDate","value":"2021-11-28"}]}},"response":[]},{"name":"Account Stats Copy","id":"e105718c-d2e6-4fff-80d7-facb939150c3","protocolProfileBehavior":{"disableBodyPruning":true},"request":{"method":"GET","header":[{"key":"FIL-REQUESTER-ID","value":"ravrocks-accountstats","type":"text"},{"key":"FIL-REQUESTER-TYPE","value":"CUSTOMER","type":"text"},{"key":"authKey","value":"a5a87364-b87a-11eb-8529-0242ac130003","type":"text"},{"key":"requestId","value":"myinvstrav","type":"text"},{"key":"token","value":"eyJhbGciOiAiSG1hY1NIQTI1NiIsInR5cCI6ICJKV1QiLCJyZXNvdXJjZSI6IiIgLCAiZ2VuZXJhdGlvblRpbWUiIDoiMTY3MTM4MzQyMTU0OSIgLCAiZXhwaXJ5VGltZSIgOiIxNjcxOTgzNDIxNTQ5In0=.e30=.JhiLlZkdIb558s9KzmIjaLKep638uFJ7Gix/GxCEpH4=","type":"text"},{"key":"apiKey","value":"bWVtYmVyYWNjYnNhcGl1c2VyOm1vbmRheTEyMw==","type":"text"}],"url":{"raw":"https://dc-memberaccountbsqat.npapps.paas.bip.uk.fid-intl.com/api/accounts/v2/account/C00FD4A/statistics?includedComponents=TOTAL_EXPENSE_RATIO,TRANSACTION_COST,DRAWDOWNACCOUNT_OPENINGDATE&totalReturnEndDate=2021-12-31&totalReturnStartDate=2021-11-28","protocol":"https","host":["dc-memberaccountbsqat","npapps","paas","bip","uk","fid-intl","com"],"path":["api","accounts","v2","account","C00FD4A","statistics"],"query":[{"key":"includedComponents","value":"TOTAL_EXPENSE_RATIO,TRANSACTION_COST,DRAWDOWNACCOUNT_OPENINGDATE"},{"key":"totalReturnEndDate","value":"2021-12-31"},{"key":"totalReturnStartDate","value":"2021-11-28"}]}},"response":[]},{"name":"CacheEvict QAT","id":"fa5744ef-7545-439d-ad5a-30533bfe3bf7","protocolProfileBehavior":{"disableBodyPruning":true},"request":{"method":"GET","header":[{"key":"FIL-REQUESTER-ID","value":"cache-evict","type":"text"},{"key":"FIL-REQUESTER-TYPE","value":"CUSTOMER","type":"text"},{"key":"authKey","value":"a5a87364-b87a-11eb-8529-0242ac130003","type":"text"},{"key":"requestId","value":"myinvstrav","type":"text"},{"key":"apiKey","value":"bWVtYmVyYWNjYnNhcGl1c2VyOm1vbmRheTEyMw==","type":"text"}],"url":{"raw":"https://dc-memberaccountbssit.np3a.paas.bip.uk.fid-intl.com/cache/evict/","protocol":"https","host":["dc-memberaccountbssit","np3a","paas","bip","uk","fid-intl","com"],"path":["cache","evict",""]}},"response":[]},{"name":"CacheEvict SIT","id":"c2b614da-e20c-4191-828f-934e0f71cf8c","protocolProfileBehavior":{"disableBodyPruning":true},"request":{"method":"GET","header":[{"key":"FIL-REQUESTER-ID","value":"cache-evict","type":"text"},{"key":"FIL-REQUESTER-TYPE","value":"CUSTOMER","type":"text"},{"key":"authKey","value":"a5a87364-b87a-11eb-8529-0242ac130003","type":"text"},{"key":"requestId","value":"myinvstrav","type":"text"},{"key":"apiKey","value":"bWVtYmVyYWNjYnNhcGl1c2VyOm1vbmRheTEyMw==","type":"text"}],"url":{"raw":"https://dc-memberaccountbssit.np4a.paas.bip.uk.fid-intl.com/cache/evict/","protocol":"https","host":["dc-memberaccountbssit","np4a","paas","bip","uk","fid-intl","com"],"path":["cache","evict",""]}},"response":[]},{"name":"AccountStat-Currency","id":"9dc2717e-a21b-4bd2-9f03-d85b64ba64ff","protocolProfileBehavior":{"disableBodyPruning":true},"request":{"auth":{"type":"apikey","apikey":[{"key":"value","value":"eyJhbGciOiAiSG1hY1NIQTI1NiIsInR5cCI6ICJKV1QiLCJyZXNvdXJjZSI6IiIgLCAiZ2VuZXJhdGlvblRpbWUiIDoiMTY3MTY5NDc2OTE3NiIgLCAiZXhwaXJ5VGltZSIgOiIxNjcyMjk0NzY5MTc2In0=.e30=.VjvZTHL6emHlsenbSgAyKqYHlGc+Bh3dwxMl1FIEX+o=","type":"string"},{"key":"key","value":"token","type":"string"}]},"method":"GET","header":[{"key":"FIL-REQUESTER-ID","value":"ravrocks-accountstats"},{"key":"FIL-REQUESTER-TYPE","value":"CUSTOMER"},{"key":"apiKey","value":"bWVtYmVyYWNjYnNhcGl1c2VyOm1vbmRheTEyMw=="},{"key":"authKey","value":"a5a87364-b87a-11eb-8529-0242ac130003"},{"key":"requestId","value":"myinvst"}],"url":{"raw":"http://dc-memberaccountbsqat.npapps.paas.bip.uk.fid-intl.com/api/accounts/v2/account/M00289B/statistics?includedComponents=TOTAL_EXPENSE_RATIO,TRANSACTION_COST,DRAWDOWN_ACCOUNTOPENINGDATE&totalReturnEndDate=2021-12-31&totalReturnStartDate=2021-11-28","protocol":"http","host":["dc-memberaccountbsqat","npapps","paas","bip","uk","fid-intl","com"],"path":["api","accounts","v2","account","M00289B","statistics"],"query":[{"key":"includedComponents","value":"TOTAL_EXPENSE_RATIO,TRANSACTION_COST,DRAWDOWN_ACCOUNTOPENINGDATE"},{"key":"totalReturnEndDate","value":"2021-12-31"},{"key":"totalReturnStartDate","value":"2021-11-28"}]}},"response":[]},{"name":"local stats endpoint","id":"26063e6c-a468-47a5-bbb5-16c049b1f805","protocolProfileBehavior":{"disableBodyPruning":true},"request":{"method":"GET","header":[{"key":"apiKey","value":"c2NoZW1lYXBpdXNlcjptb25kYXkxMjM="},{"key":"FIL-BUSINESS","value":"WORKPLACE_INVESTING"},{"key":"FIL-JOURNEY","value":"Plan_Summary"},{"key":"requestid","value":"21234351"},{"key":"FIL-REQUESTER-ID","value":"1212121212"},{"key":"FIL-CHANNEL","value":"WEB"},{"key":"FIL-CALLER-REFERENCE","value":"PLANVIEWER"},{"key":"FIL-REQUESTER-TYPE","value":"CUSTOMER"},{"key":"FIL-CUSTOMER-ID","value":"1212121212"},{"key":"token","value":"eyJhbGciOiAiSG1hY1NIQTI1NiIsInR5cCI6ICJKV1QiLCJyZXNvdXJjZSI6IiIgLCAiZ2VuZXJhdGlvblRpbWUiIDoiMTY3MTY5MzMwODYzMSIgLCAiZXhwaXJ5VGltZSIgOiIxNjcyMjkzMzA4NjMxIn0=.e30=.6U+r95P58VUPzphKZMA2AZmmN/Deg7hoiY+sJ6ftyBY="}],"url":{"raw":"http://localhost:8091/api/accounts/v2/account/C00FD4A/statistics?includedComponents=TOTAL_EXPENSE_RATIO,TRANSACTION_COST,DRAWDOWNACCOUNT_OPENINGDATE&totalReturnEndDate=2022-01-03&totalReturnStartDate=2021-01-02","protocol":"http","host":["localhost"],"port":"8091","path":["api","accounts","v2","account","C00FD4A","statistics"],"query":[{"key":"includedComponents","value":"TOTAL_EXPENSE_RATIO,TRANSACTION_COST,DRAWDOWNACCOUNT_OPENINGDATE"},{"key":"totalReturnEndDate","value":"2022-01-03"},{"key":"totalReturnStartDate","value":"2021-01-02"}]}},"response":[]},{"name":"Account Stats dev-green","id":"67cb0ddb-0bf0-4a9b-bdd6-9ae0688cfa4c","protocolProfileBehavior":{"disableBodyPruning":true},"request":{"method":"GET","header":[{"key":"FIL-REQUESTER-ID","value":"ravrocks-accountstats","type":"text"},{"key":"FIL-REQUESTER-TYPE","value":"CUSTOMER","type":"text"},{"key":"authKey","value":"a5a87364-b87a-11eb-8529-0242ac130003","type":"text"},{"key":"requestId","value":"myinvstrav","type":"text"},{"key":"token","value":"eyJhbGciOiAiSG1hY1NIQTI1NiIsInR5cCI6ICJKV1QiLCJyZXNvdXJjZSI6IiIgLCAiZ2VuZXJhdGlvblRpbWUiIDoiMTY3MTM4MzQyMTU0OSIgLCAiZXhwaXJ5VGltZSIgOiIxNjcxOTgzNDIxNTQ5In0=.e30=.JhiLlZkdIb558s9KzmIjaLKep638uFJ7Gix/GxCEpH4=","type":"text"},{"key":"apiKey","value":"bWVtYmVyYWNjYnNhcGl1c2VyOm1vbmRheTEyMw==","type":"text"}],"url":{"raw":"https://dc-memberaccountbsqat-green.np4a.paas.bip.uk.fid-intl.com/api/accounts/v2/account/C00FD4A/statistics?includedComponents=TOTAL_EXPENSE_RATIO,TRANSACTION_COST,DRAWDOWNACCOUNT_OPENINGDATE&totalReturnEndDate=2022-01-03&totalReturnStartDate=2021-11-28","protocol":"https","host":["dc-memberaccountbsqat-green","np4a","paas","bip","uk","fid-intl","com"],"path":["api","accounts","v2","account","C00FD4A","statistics"],"query":[{"key":"includedComponents","value":"TOTAL_EXPENSE_RATIO,TRANSACTION_COST,DRAWDOWNACCOUNT_OPENINGDATE"},{"key":"totalReturnEndDate","value":"2022-01-03"},{"key":"totalReturnStartDate","value":"2021-11-28"}]}},"response":[]},{"name":"Local HC","id":"959705b6-c9f8-434c-a8c9-8dc38204b84c","protocolProfileBehavior":{"disableBodyPruning":true},"request":{"method":"GET","header":[],"url":{"raw":"localhost:8091/api/v1/healthCheckConnections","host":["localhost"],"port":"8091","path":["api","v1","healthCheckConnections"]}},"response":[]},{"name":"local Entitlement with SASC present","id":"5842f4d5-1521-4c5f-ad4d-413046070d5e","protocolProfileBehavior":{"disableBodyPruning":true},"request":{"method":"GET","header":[{"key":"FIL-Routing-Context","value":"B2B-GBL-WORKPLACE-INVESTING","type":"text"},{"key":"token","value":"eyJhbGciOiAiSG1hY1NIQTI1NiIsInR5cCI6ICJKV1QiLCJyZXNvdXJjZSI6IiIgLCAiZ2VuZXJhdGlvblRpbWUiIDoiMTY3NDIxMjUyMjU0MCIgLCAiZXhwaXJ5VGltZSIgOiIxNjc0ODEyNTIyNTQwIn0=.e30=.ojcj+751YN+v15EB1XvnE5YanNDLxz219jvcTaYSI0g=","type":"text"},{"key":"FID-CUSTOMER-ID-TYPE","value":"WID","type":"text"},{"key":"FID-LOG-TRACKING-ID","value":"C080644","type":"text"},{"key":"correlationId","value":"C080644","type":"text"},{"key":"FIL-CHANNEL","value":"WEB","type":"text"},{"key":"FIL-CALLER-REFERENCE","value":"PLANVIEWER","type":"text"},{"key":"fidCustomerIdType","value":"WID","type":"text"},{"key":"FIL-BUSINESS","value":"WORKPLACE_INVESTING","type":"text"},{"key":"FIL-JOURNEY","value":"Plan_Summary","type":"text"},{"key":"FIL-REQUESTER-ID","value":"C080644","type":"text"},{"key":"FIL-REQUESTER-TYPE","value":"CUSTOMER","type":"text"},{"key":"requestid","value":"perfrav","type":"text"}],"url":{"raw":"localhost:8091/api/member/v2/customers/5EC78716CEF26CDD503B58453707E919/employer/DEFAULT/plan/DEFAULT","host":["localhost"],"port":"8091","path":["api","member","v2","customers","5EC78716CEF26CDD503B58453707E919","employer","DEFAULT","plan","DEFAULT"]}},"response":[]},{"name":"local CacheEvict","id":"f12f9eb5-5037-43be-ae04-1a256c3d78fe","protocolProfileBehavior":{"disableBodyPruning":true},"request":{"method":"GET","header":[{"key":"apiKey","value":"c2NoZW1lYXBpdXNlcjptb25kYXkxMjM=","type":"text"}],"url":{"raw":"localhost:8091/cache/evict/","host":["localhost"],"port":"8091","path":["cache","evict",""]}},"response":[]},{"name":"local Entitlement No SASC","id":"b160d9e2-bf61-4e25-af8a-4b204eddc023","protocolProfileBehavior":{"disableBodyPruning":true},"request":{"method":"GET","header":[{"key":"FIL-Routing-Context","value":"B2B-GBL-WORKPLACE-INVESTING","type":"text"},{"key":"token","value":"eyJhbGciOiAiSG1hY1NIQTI1NiIsInR5cCI6ICJKV1QiLCJyZXNvdXJjZSI6IiIgLCAiZ2VuZXJhdGlvblRpbWUiIDoiMTY3NDIxMjUyMjU0MCIgLCAiZXhwaXJ5VGltZSIgOiIxNjc0ODEyNTIyNTQwIn0=.e30=.ojcj+751YN+v15EB1XvnE5YanNDLxz219jvcTaYSI0g=","type":"text"},{"key":"FID-CUSTOMER-ID-TYPE","value":"WID","type":"text"},{"key":"FID-LOG-TRACKING-ID","value":"C080644","type":"text"},{"key":"correlationId","value":"C080644","type":"text"},{"key":"FIL-CHANNEL","value":"WEB","type":"text"},{"key":"FIL-CALLER-REFERENCE","value":"PLANVIEWER","type":"text"},{"key":"fidCustomerIdType","value":"WID","type":"text"},{"key":"FIL-BUSINESS","value":"WORKPLACE_INVESTING","type":"text"},{"key":"FIL-JOURNEY","value":"Plan_Summary","type":"text"},{"key":"FIL-REQUESTER-ID","value":"C080644","type":"text"},{"key":"FIL-REQUESTER-TYPE","value":"CUSTOMER","type":"text"},{"key":"requestid","value":"perfrav","type":"text"}],"url":{"raw":"localhost:8091/api/member/v2/customers/CBB2D46A033B8A228F6DE10B59DA99C5/employer/DEFAULT/plan/DEFAULT","host":["localhost"],"port":"8091","path":["api","member","v2","customers","CBB2D46A033B8A228F6DE10B59DA99C5","employer","DEFAULT","plan","DEFAULT"]}},"response":[]}],"variable":[{"id":"a00156cc-a1ac-41c2-8525-2d0b9ce3846f","key":"jwt-token","value":"eyJhbGciOiAiSG1hY1NIQTI1NiIsInR5cCI6ICJKV1QiLCJyZXNvdXJjZSI6IiIgLCAiZ2VuZXJhdGlvblRpbWUiIDoiMTY3MzI1NjkzMDA2NSIgLCAiZXhwaXJ5VGltZSIgOiIxNjczODU2OTMwMDY1In0=.e30=.JoYoofw/iiWUNBKlW4SRsu98Ud/9PS4G2019SiTDgQU="}]}