{"info":{"_postman_id":"9e1c02a8-3eaa-4865-83bd-b75b7f359116","name":"APIGEE_Accountsv2","schema":"https://schema.getpostman.com/json/collection/v2.1.0/collection.json"},"item":[{"name":"Beta preferences","id":"639717d1-611d-4b5e-aafc-23a7bb4c5532","protocolProfileBehavior":{"disableBodyPruning":true},"request":{"auth":{"type":"bearer","bearer":[{"key":"token","value":"{{bearer_token}}","type":"string"}]},"method":"GET","header":[{"key":"FIL-BUSINESS","value":"WORKPLACE_INVESTING"},{"key":"FIL-CALLER-REFERENCE","value":"PLAN_VIEWER"},{"key":"FIL-CHANNEL","value":"WEB"},{"key":"FIL-CUSTOMER-ID","value":"1212121212"},{"key":"FIL-JOURNEY","value":"Plan_Summary"},{"key":"FIL-REQUEST-ID","value":"ravrocks-apigee"},{"key":"FIL-REQUESTER-ID","value":"1212121212"},{"key":"FIL-REQUESTER-TYPE","value":"CUSTOMER"},{"key":"Cache-Control","value":"no-cache"},{"key":"requestId","value":"request"}],"url":{"raw":"https://beta.api.fil.com/accounts/v2/account/C00269C/preferences","protocol":"https","host":["beta","api","fil","com"],"path":["accounts","v2","account","C00269C","preferences"]}},"response":[]},{"name":"Beta Future Contribution","id":"63252c9a-6936-47a5-9de5-ee2a7ede1122","protocolProfileBehavior":{"disableBodyPruning":true},"request":{"auth":{"type":"bearer","bearer":[{"key":"token","value":"{{bearer_token}}","type":"string"}]},"method":"GET","header":[{"key":"FIL-BUSINESS","value":"WORKPLACE_INVESTING"},{"key":"FIL-CALLER-REFERENCE","value":"PLAN_VIEWER"},{"key":"FIL-CHANNEL","value":"WEB"},{"key":"FIL-CUSTOMER-ID","value":"1212121212"},{"key":"FIL-JOURNEY","value":"Plan_Summary"},{"key":"FIL-REQUEST-ID","value":"ravrocks-apigee"},{"key":"FIL-REQUESTER-ID","value":"1212121212"},{"key":"FIL-REQUESTER-TYPE","value":"CUSTOMER"},{"key":"Cache-Control","value":"no-cache"},{"key":"requestId","value":"request"},{"key":"authKey","value":"a5a87364-b87a-11eb-8529-0242ac130003","type":"text"},{"key":"x-api-key","value":"g6IiCeUKrV9k4lykidq3W2ivnOR5n5LD64BfyEoY","type":"text"}],"url":{"raw":"https://beta.api.fil.com/accounts/v2/account/5179268/future-contributions","protocol":"https","host":["beta","api","fil","com"],"path":["accounts","v2","account","5179268","future-contributions"]}},"response":[]},{"name":"Token Generator","id":"4462ba72-8933-4d82-ac80-4bfda8d3b7fc","protocolProfileBehavior":{"disableBodyPruning":true},"request":{"method":"POST","header":[{"key":"Content-Type","value":"application/x-www-form-urlencoded"}],"body":{"mode":"urlencoded","urlencoded":[{"type":"text","key":"grant_type","value":"client_credentials"},{"type":"text","key":"client_id","value":"URuxG6HGLXGUkH7za6bgT8hzw4XR2pEb"},{"type":"text","key":"client_secret","value":"YvpqfTGpV4S1Ajy124UiTo0lDS5eEiNb"}]},"url":{"raw":"https://beta.api.fil.com/identity/v1/tokens","protocol":"https","host":["beta","api","fil","com"],"path":["identity","v1","tokens"]}},"response":[]},{"name":"Beta future-contributionz","id":"201fcecd-31c1-49b6-956d-b390f6cd7826","protocolProfileBehavior":{"disableBodyPruning":true},"request":{"auth":{"type":"bearer","bearer":[{"key":"token","value":"{{bearer_token}}","type":"string"}]},"method":"GET","header":[{"key":"FIL-REQUEST-ID","value":"asd1234"},{"key":"FIL-REQUESTER-ID","value":"1212121212"},{"key":"FIL-BUSINESS","value":"WORKPLACE_INVESTING"},{"key":"FIL-CHANNEL","value":"WEB"},{"key":"FIL-CALLER-REFERENCE","value":"PLAN_VIEWER"},{"key":"FIL-REQUESTER-TYPE","value":"CUSTOMER"},{"key":"FIL-JOURNEY","value":"Plan_Summary"},{"key":"requestId","value":"testzravs"},{"key":"FIL-CUSTOMER-ID","value":"1212121212"},{"key":"FIL-Routing-Context","value":"B2B-GBL-WORKPLACE-INVESTING"}],"url":{"raw":"https://beta.api.fil.com/accounts/v2/account/5226901/future-contributions","protocol":"https","host":["beta","api","fil","com"],"path":["accounts","v2","account","5226901","future-contributions"]}},"response":[]}],"event":[{"listen":"prerequest","script":{"id":"268c4523-9811-4ebd-aa76-c20363d4821d","type":"text/javascript","exec":[""]}},{"listen":"test","script":{"id":"666a8fb7-b8fe-46a6-bd83-3828ad1576c1","type":"text/javascript","exec":[""]}}],"variable":[{"id":"06cb945b-f3b9-48f3-82bb-d6c6becf4018","key":"bearer_token","value":"A3M7wuUTlEJ12nEr131DiMtyt3rx"}]}