{"info":{"_postman_id":"c2499729-e9bd-4245-8409-b79ea7b49bd6","name":"Entitlement_APIGEE_PROD","schema":"https://schema.getpostman.com/json/collection/v2.1.0/collection.json"},"item":[{"name":"https://api.fil.com/identity/v1/tokens","id":"f47e02b1-cb93-4f51-91d7-8f0f95d3b935","protocolProfileBehavior":{"disableBodyPruning":true},"request":{"method":"POST","header":[],"body":{"mode":"urlencoded","urlencoded":[{"key":"grant_type","value":"client_credentials","type":"text"},{"key":"client_id","value":"5gRUzghZlESoeMxDoLxPvgd9cTH6ncNU","type":"text"},{"key":"client_secret","value":"gT4VGJAh6hTLOQ2GZqhQro3qsukrE79x","type":"text"}]},"url":{"raw":"https://api.fil.com/identity/v1/tokens","protocol":"https","host":["api","fil","com"],"path":["identity","v1","tokens"]}},"response":[]},{"name":"entitlement-apigee-prod-request","id":"f7c9609f-522b-4097-b301-1db3e32bebbf","protocolProfileBehavior":{"disableBodyPruning":true},"request":{"auth":{"type":"noauth"},"method":"GET","header":[{"key":"FID-LOG-TRACKING-ID","value":"member","type":"text"},{"key":"FID-CUSTOMER-ID-TYPE","value":"WID","type":"text"},{"key":"requestId","value":"PROD_HC","type":"text"},{"key":"Authorization","value":"Bearer bEtqMeqTksrghoJxGXoeG4ZWdctq","type":"text"}],"url":{"raw":"https://api.fil.com/partner/fmr/wi/entitlements/v1/customers/B4C63779F3AE3285C2E79FD2870509C9/employer/ATKE/plan/ATKE?accountId=C05FFE1","protocol":"https","host":["api","fil","com"],"path":["partner","fmr","wi","entitlements","v1","customers","B4C63779F3AE3285C2E79FD2870509C9","employer","ATKE","plan","ATKE"],"query":[{"key":"accountId","value":"C05FFE1"}]}},"response":[]}]}