{"info":{"_postman_id":"c2a09a70-ad12-46f0-adf8-e88d518eeb05","name":"Aggregate Valuation","schema":"https://schema.getpostman.com/json/collection/v2.1.0/collection.json"},"item":[{"name":"QA partner/v1/valuations","id":"662efdfa-98d7-4856-bddb-5916ed7959fe","protocolProfileBehavior":{"disableBodyPruning":true},"request":{"method":"GET","header":[{"key":"FIL-REQUESTER-ID","value":"abc"},{"key":"requestId","value":"ravrock2"},{"key":"FIL-REQUESTER-TYPE","value":"CUSTOMER"},{"key":"FIL-CHANNEL","value":"web"},{"key":"FIL-BUSINESS","value":"WORKPLACE_INVESTING"},{"key":"FIL-CALLER-REFERENCE","value":"PLANVIEWER"},{"key":"FIL-JOURNEY","value":"PLAN_SUMMARY"},{"key":"authKey","value":"a5a87364-b87a-11eb-8529-0242ac130003"}],"url":{"raw":"https://qaapis.npwpfhwiaccmgmt.npaws.ukfilcld/svc/wi-aggregate-valuation-api/partner-wi-aggregated-holdings/v1/valuations?groupBy=CONTRIBUTION_CATEGORY,INVESTMENT_STRATEGY&timePeriod=YESTERDAY&accountId=5199256","protocol":"https","host":["qaapis","npwpfhwiaccmgmt","npaws","ukfilcld"],"path":["svc","wi-aggregate-valuation-api","partner-wi-aggregated-holdings","v1","valuations"],"query":[{"key":"groupBy","value":"CONTRIBUTION_CATEGORY,INVESTMENT_STRATEGY"},{"key":"timePeriod","value":"YESTERDAY"},{"key":"valuationsDate","value":"2021-05-21","disabled":true},{"key":"calculateAllocationPercentBy","value":"CONTRIBUTION_CATEGORY","disabled":true},{"key":"currency","value":"GBPP","disabled":true},{"key":"accountId","value":"5199256"}]}},"response":[]},{"name":"1.1 DEV valuations/v1/valuations","id":"fb64f3d7-a066-4610-8d7a-2260e3a481a5","protocolProfileBehavior":{"disableBodyPruning":true},"request":{"method":"GET","header":[{"key":"FIL-REQUESTER-ID","value":"abc"},{"key":"requestId","value":"ravrock4"},{"key":"FIL-REQUESTER-TYPE","value":"CUSTOMER"},{"key":"FIL-CHANNEL","value":"web"},{"key":"FIL-BUSINESS","value":"WORKPLACE_INVESTING"},{"key":"FIL-CALLER-REFERENCE","value":"PLANVIEWER"},{"key":"FIL-JOURNEY","value":"PLAN_SUMMARY"},{"key":"authKey","value":"a5a87364-b87a-11eb-8529-0242ac130003"}],"url":{"raw":"https://internal-release1-nprd-ecsalb-797652372.eu-west-1.elb.amazonaws.com/dev-wi-aggregate-valuation/partner-wi-aggregated-holdings/v1/valuations?groupBy=CONTRIBUTION_CATEGORY,INVESTMENT_STRATEGY&timePeriod=YESTERDAY&accountId=5199256","protocol":"https","host":["internal-release1-nprd-ecsalb-797652372","eu-west-1","elb","amazonaws","com"],"path":["dev-wi-aggregate-valuation","partner-wi-aggregated-holdings","v1","valuations"],"query":[{"key":"groupBy","value":"CONTRIBUTION_CATEGORY,INVESTMENT_STRATEGY"},{"key":"timePeriod","value":"YESTERDAY"},{"key":"valuationsDate","value":"2021-05-21","disabled":true},{"key":"calculateAllocationPercentBy","value":"CONTRIBUTION_CATEGORY","disabled":true},{"key":"currency","value":"GBPP","disabled":true},{"key":"accountId","value":"5199256"}]}},"response":[]},{"name":"Local Agg_Valuation Partner ( AWS )","id":"fef9726c-9958-4a89-afd1-e3b2aac98db7","protocolProfileBehavior":{"disableBodyPruning":true},"request":{"method":"GET","header":[{"key":"FIL-REQUESTER-ID","value":"abc"},{"key":"requestId","value":"ravrocks"},{"key":"FIL-REQUESTER-TYPE","value":"CUSTOMER"},{"key":"FIL-CHANNEL","value":"web"},{"key":"FIL-BUSINESS","value":"WORKPLACE_INVESTING"},{"key":"FIL-CALLER-REFERENCE","value":"PLANVIEWER"},{"key":"FIL-JOURNEY","value":"PLAN_SUMMARY"},{"key":"authKey","value":"test","type":"text"}],"url":{"raw":"localhost:8080/partner-wi-aggregated-holdings/v1/valuations?groupBy=CONTRIBUTION_CATEGORY,INVESTMENT_STRATEGY&timePeriod=YESTERDAY&valuationsDate=2021-05-21&accountId=5199256","host":["localhost"],"port":"8080","path":["partner-wi-aggregated-holdings","v1","valuations"],"query":[{"key":"groupBy","value":"CONTRIBUTION_CATEGORY,INVESTMENT_STRATEGY"},{"key":"timePeriod","value":"YESTERDAY"},{"key":"valuationsDate","value":"2021-05-21"},{"key":"calculateAllocationPercentBy","value":"CONTRIBUTION_CATEGORY","disabled":true},{"key":"accountId","value":"5199256"}]}},"response":[]},{"name":"Local Healthcheck","id":"7205d660-4b60-4b5c-82d9-a615cfc7337e","protocolProfileBehavior":{"disableBodyPruning":true},"request":{"method":"GET","header":[{"key":"FIL-REQUESTER-ID","value":"abc"},{"key":"requestId","value":"ravrocks"},{"key":"FIL-REQUESTER-TYPE","value":"CUSTOMER"},{"key":"FIL-CHANNEL","value":"web"},{"key":"FIL-BUSINESS","value":"WORKPLACE_INVESTING"},{"key":"FIL-CALLER-REFERENCE","value":"PLANVIEWER"},{"key":"FIL-JOURNEY","value":"PLAN_SUMMARY"},{"key":"authKey","value":"Test123"}],"url":{"raw":"localhost:8080/actuator/health","host":["localhost"],"port":"8080","path":["actuator","health"],"query":[{"key":"valuationsDate","value":"2021-05-21","disabled":true},{"key":"calculateAllocationPercentBy","value":"CONTRIBUTION_CATEGORY","disabled":true},{"key":"currency","value":"GBPP","disabled":true}]}},"response":[]},{"name":"ECS ELB healthcheck Copy","id":"4946074c-573b-4b47-a788-0a88dea7b8af","protocolProfileBehavior":{"disableBodyPruning":true},"request":{"method":"GET","header":[],"url":{"raw":"https://internal-release1-nprd-ecsalb-797652372.eu-west-1.elb.amazonaws.com/dev-wi-aggregate-valuation/healthcheck","protocol":"https","host":["internal-release1-nprd-ecsalb-797652372","eu-west-1","elb","amazonaws","com"],"path":["dev-wi-aggregate-valuation","healthcheck"]}},"response":[]}]}