{"info":{"_postman_id":"c634189d-863c-43aa-8fbf-eb94603ccb78","name":"TransactionBS","schema":"https://schema.getpostman.com/json/collection/v2.1.0/collection.json"},"item":[{"name":"EBF v1/transactions","id":"51aaf521-334e-4b8f-ad84-3babd8bee47d","protocolProfileBehavior":{"disableBodyPruning":true},"request":{"auth":{"type":"apikey","apikey":[{"key":"value","value":"{{jwt-token}}","type":"string"},{"key":"key","value":"token","type":"string"}]},"method":"GET","header":[{"key":"FIL-REQUESTER-ID","value":"566677777"},{"key":"FIL-REQUESTER-TYPE","value":"CUSTOMER"},{"key":"FIL-CUSTOMER-ID","value":"abc123"},{"key":"FIL-CHANNEL","value":"web"},{"key":"FIL-BUSINESS","value":"WORKPLACE_INVESTING"},{"key":"FIL-CALLER-REFERENCE","value":"PLAN_VIEWER"},{"key":"FIL-JOURNEY","value":"CHANGE_INVESTMENTS"},{"key":"requestId","value":"333"}],"url":{"raw":"https://dc-transactionBS-ebf.np4a.paas.bip.uk.fid-intl.com/transactions/v1/transactions?accountId=C0831FF","protocol":"https","host":["dc-transactionBS-ebf","np4a","paas","bip","uk","fid-intl","com"],"path":["transactions","v1","transactions"],"query":[{"key":"accountId","value":"C0831FF"}]}},"response":[]},{"name":"QAT healthcheck","id":"129325e7-46e4-47c5-937d-a7840f7aba47","protocolProfileBehavior":{"disableBodyPruning":true},"request":{"method":"GET","header":[],"url":{"raw":"https://dc-transactionBS-qat.npapps.paas.bip.uk.fid-intl.com/healthCheckStatus","protocol":"https","host":["dc-transactionBS-qat","npapps","paas","bip","uk","fid-intl","com"],"path":["healthCheckStatus"]}},"response":[]},{"name":"QAT v1/transactions","id":"c8f1bbed-263e-477c-bd6a-fc095d31b507","protocolProfileBehavior":{"disableBodyPruning":true},"request":{"auth":{"type":"apikey","apikey":[{"key":"value","value":"{{jwt-token}}","type":"string"},{"key":"key","value":"token","type":"string"}]},"method":"GET","header":[{"key":"FIL-REQUESTER-ID","value":"566677777"},{"key":"FIL-REQUESTER-TYPE","value":"CUSTOMER"},{"key":"FIL-CUSTOMER-ID","value":"abc123"},{"key":"FIL_CHANNEL","value":"web"},{"key":"FIL-BUSINESS","value":"WORKPLACE_INVESTING"},{"key":"FIL-CALLER-REFERENCE","value":"PLAN_VIEWER"},{"key":"FIL-JOURNEY","value":"CHANGE_INVESTMENTS"},{"key":"requestId","value":"4db852f9"}],"url":{"raw":"https://dc-transactionBS-qat.npapps.paas.bip.uk.fid-intl.com/transactions/v1/transactions?accountId=C080644","protocol":"https","host":["dc-transactionBS-qat","npapps","paas","bip","uk","fid-intl","com"],"path":["transactions","v1","transactions"],"query":[{"key":"accountId","value":"C080644"}]}},"response":[]},{"name":"PRF v1/transactions","id":"736f8d7d-aa8b-4047-9fa2-78a4b6810af8","protocolProfileBehavior":{"disableBodyPruning":true},"request":{"auth":{"type":"apikey","apikey":[{"key":"value","value":"{{jwt-token}}","type":"string"},{"key":"key","value":"token","type":"string"}]},"method":"GET","header":[{"key":"FID-CUSTOMER-ID-TYPE","value":"GRN","type":"text"},{"key":"FID-LOG-TRACKING-ID","value":"REQ63ca2c57f9dd9b12881865d9a55baa33","type":"text"},{"key":"FIL-BUSINESS","value":"WORKPLACE_INVESTING","type":"text"},{"key":"FIL-CALLER-REFERENCE","value":"PLANVIEWER","type":"text"},{"key":"FIL-CHANNEL","value":"WEB","type":"text"},{"key":"FIL-JOURNEY","value":"PLAN_SUMMARY","type":"text"},{"key":"FIL-REQUESTER-ID","value":"D371C2F5888BB9AF6A3CC67A37E20469","type":"text"},{"key":"FIL-REQUESTER-TYPE","value":"CUSTOMER","type":"text"},{"key":"requestId","value":"M002884","type":"text"}],"url":{"raw":"https://dc-transactionBS-prf.np3a.paas.bip.uk.fid-intl.com/transactions/v1/transactions?accountId=C080644","protocol":"https","host":["dc-transactionBS-prf","np3a","paas","bip","uk","fid-intl","com"],"path":["transactions","v1","transactions"],"query":[{"key":"accountId","value":"C080644"}]}},"response":[]}],"variable":[{"id":"f85394fd-af8d-4cac-b2ec-6a8d077de2a6","key":"jwt-token","value":"eyJhbGciOiAiSG1hY1NIQTI1NiIsInR5cCI6ICJKV1QiLCJyZXNvdXJjZSI6IiIgLCAiZ2VuZXJhdGlvblRpbWUiIDoiMTY3MzExMTUxNzQwMSIgLCAiZXhwaXJ5VGltZSIgOiIxNjczNzExNTE3NDAxIn0=.e30=.3LRvLE2Tn03i8428CvlYmA35/HGbDIoziiWyTle+OcY="}]}