{"info":{"_postman_id":"d76ef43a-2b0d-4106-b3b8-1c431b495460","name":"Planviewer Partner API","schema":"https://schema.getpostman.com/json/collection/v2.1.0/collection.json"},"item":[{"name":"Local Agg_Valuation Partner ( AWS )","id":"07be1373-8b31-4d8e-90fc-9736dc926450","protocolProfileBehavior":{"disableBodyPruning":true},"request":{"method":"GET","header":[{"key":"FIL-REQUESTER-ID","value":"abc"},{"key":"requestId","value":"ravrocks"},{"key":"FIL-REQUESTER-TYPE","value":"CUSTOMER"},{"key":"FIL-CHANNEL","value":"web"},{"key":"FIL-BUSINESS","value":"WORKPLACE_INVESTING"},{"key":"FIL-CALLER-REFERENCE","value":"PLANVIEWER"},{"key":"FIL-JOURNEY","value":"PLAN_SUMMARY"},{"key":"authKey","value":"Test123"}],"url":{"raw":"localhost:8080/partner-wi-aggregated-holdings/v1/valuations?groupBy=CONTRIBUTION_CATEGORY,INVESTMENT_STRATEGY&timePeriod=YESTERDAY&accountId=5199256","host":["localhost"],"port":"8080","path":["partner-wi-aggregated-holdings","v1","valuations"],"query":[{"key":"groupBy","value":"CONTRIBUTION_CATEGORY,INVESTMENT_STRATEGY"},{"key":"timePeriod","value":"YESTERDAY"},{"key":"valuationsDate","value":"2021-05-21","disabled":true},{"key":"calculateAllocationPercentBy","value":"CONTRIBUTION_CATEGORY","disabled":true},{"key":"currency","value":"GBPP","disabled":true},{"key":"accountId","value":"5199256"}]}},"response":[]},{"name":"Local Healthcheck","id":"b6792d36-dad0-426f-8c45-34c4dfafe65c","protocolProfileBehavior":{"disableBodyPruning":true},"request":{"method":"GET","header":[{"key":"FIL-REQUESTER-ID","value":"12345628746238740"},{"key":"requestId","value":"ravrocks"},{"key":"FIL-REQUESTER-TYPE","value":"CUSTOMER"},{"key":"FIL-CHANNEL","value":"web"},{"key":"FIL-BUSINESS","value":"WORKPLACE_INVESTING"},{"key":"FIL-CALLER-REFERENCE","value":"PLANVIEWER"},{"key":"FIL-JOURNEY","value":"PLAN_SUMMARY"},{"key":"authKey","value":"Test123"}],"url":{"raw":"localhost:8080/actuator/health","host":["localhost"],"port":"8080","path":["actuator","health"],"query":[{"key":"valuationsDate","value":"2021-05-21","disabled":true},{"key":"calculateAllocationPercentBy","value":"CONTRIBUTION_CATEGORY","disabled":true},{"key":"currency","value":"GBPP","disabled":true}]}},"response":[]},{"name":"Local Account Contributions","id":"b18aa222-a33f-4338-8df6-1991a4a83010","protocolProfileBehavior":{"disableBodyPruning":true},"request":{"method":"GET","header":[{"key":"authKey","value":"Test123"},{"key":"FIL-REQUESTER-ID","value":"234"},{"key":"requestId","value":"ravrocks"},{"key":"FIL-REQUESTER-TYPE","value":"CUSTOMER"},{"key":"FIL-CHANNEL","value":"web"},{"key":"FIL-BUSINESS","value":"WORKPLACE_INVESTING"},{"key":"FIL-CALLER-REFERENCE","value":"PLANVIEWER"},{"key":"FIL-JOURNEY","value":"Plan_Summary"}],"url":{"raw":"http://localhost:8080/account/5199256/contributions","protocol":"http","host":["localhost"],"port":"8080","path":["account","5199256","contributions"]}},"response":[]},{"name":"Local Person Entities","id":"a04cf4ae-097c-4cae-ac63-e10182303b99","protocolProfileBehavior":{"disableBodyPruning":true},"request":{"method":"GET","header":[{"key":"authKey","value":"Test123"},{"key":"FIL-REQUESTER-ID","value":"101"},{"key":"requestId","value":"ravrocks"},{"key":"FIL-REQUESTER-TYPE","value":"CUSTOMER"},{"key":"FIL-CHANNEL","value":"web"},{"key":"FIL-BUSINESS","value":"WORKPLACE_INVESTING"},{"key":"FIL-CALLER-REFERENCE","value":"PLANVIEWER"},{"key":"FIL-JOURNEY","value":"Plan_Summary"}],"url":{"raw":"http://localhost:8080/person-account-scheme-organisation?personId=61284FC9C68CD5384D21426200F0F100","protocol":"http","host":["localhost"],"port":"8080","path":["person-account-scheme-organisation"],"query":[{"key":"personId","value":"61284FC9C68CD5384D21426200F0F100"}]}},"response":[]},{"name":"AWS Partner Healthcheck","id":"1147bd95-b725-44d4-a465-9556febe729d","protocolProfileBehavior":{"disableBodyPruning":true},"request":{"method":"GET","header":[],"url":{"raw":"https://qaapis.npwipartnerapi.aws.ukfilcld/svc/planviewer-partner-api/actuator/health","protocol":"https","host":["qaapis","npwipartnerapi","aws","ukfilcld"],"path":["svc","planviewer-partner-api","actuator","health"]}},"response":[]}]}