{"info":{"_postman_id":"dfda17c4-824c-485e-bc5e-cb8688067d1a","name":"Previnet-DEV-endpoints","schema":"https://schema.getpostman.com/json/collection/v2.1.0/collection.json"},"item":[{"name":"GetAccountStats","id":"6bb8e6f6-577b-4f15-adbe-2b0a14df3fa3","protocolProfileBehavior":{"disableBodyPruning":true},"request":{"method":"GET","header":[{"key":"FIL-BUSINESS","value":"WORKPLACE_INVESTING"},{"key":"FIL-JOURNEY","value":"PLAN_SUMMARY"},{"key":"requestId","value":"rav123"},{"key":"FIL-REQUESTER-ID","value":"44"},{"key":"FIL-CHANNEL","value":"WEB"},{"key":"FIL-CALLER-REFERENCE","value":"PLANVIEWER"},{"key":"FIL-REQUESTER-TYPE","value":"CUSTOMER"},{"key":"FIL-CUSTOMER-ID","value":"1212121212"},{"key":"authkey","value":"69ac66e5-82b1-4170-9e30-8a0aaa837762"},{"key":"env","value":"sit"}],"url":{"raw":"https://internal-release1-dev-ECSALB-2023166847.eu-west-1.elb.amazonaws.com/dev-wi-previnet-api/accounts/v2/account/44-E0002-FEPA100025/statistics?name=performance","protocol":"https","host":["internal-release1-dev-ECSALB-2023166847","eu-west-1","elb","amazonaws","com"],"path":["dev-wi-previnet-api","accounts","v2","account","44-E0002-FEPA100025","statistics"],"query":[{"key":"name","value":"performance"}]}},"response":[]},{"name":"Get_Entitlement","id":"79537aa3-3461-42f1-899e-8cb8b5c1ed53","protocolProfileBehavior":{"disableBodyPruning":true},"request":{"method":"GET","header":[{"key":"FIL-BUSINESS","value":"WORKPLACE_INVESTING"},{"key":"FIL-JOURNEY","value":"PLAN_SUMMARY"},{"key":"requestId","value":"rav123"},{"key":"FIL-REQUESTER-ID","value":"44"},{"key":"FIL-CHANNEL","value":"WEB"},{"key":"FIL-CALLER-REFERENCE","value":"PLANVIEWER"},{"key":"FIL-REQUESTER-TYPE","value":"CUSTOMER"},{"key":"FIL-CUSTOMER-ID","value":"1212121212"},{"key":"authkey","value":"69ac66e5-82b1-4170-9e30-8a0aaa837762"},{"key":"env","value":"sit"}],"url":{"raw":"https://internal-release1-dev-ECSALB-2023166847.eu-west-1.elb.amazonaws.com/dev-wi-previnet-api/partner/fmr/wi/entitlements/v1/customers/44/employer/E0002/plan/FEPA100025?accountId=44-E0002-FEPA100025","protocol":"https","host":["internal-release1-dev-ECSALB-2023166847","eu-west-1","elb","amazonaws","com"],"path":["dev-wi-previnet-api","partner","fmr","wi","entitlements","v1","customers","44","employer","E0002","plan","FEPA100025"],"query":[{"key":"accountId","value":"44-E0002-FEPA100025"}]}},"response":[]},{"name":"Holdings_Evaluation","id":"0cac2d06-85f7-4933-8d45-94167090badd","protocolProfileBehavior":{"disableBodyPruning":true},"request":{"method":"GET","header":[{"key":"FIL-BUSINESS","value":"WORKPLACE_INVESTING"},{"key":"FIL-JOURNEY","value":"PLAN_SUMMARY"},{"key":"requestId","value":"rav123"},{"key":"FIL-REQUESTER-ID","value":"44"},{"key":"FIL-CHANNEL","value":"WEB"},{"key":"FIL-CALLER-REFERENCE","value":"PLANVIEWER"},{"key":"FIL-REQUESTER-TYPE","value":"CUSTOMER"},{"key":"FIL-CUSTOMER-ID","value":"1212121212"},{"key":"authkey","value":"69ac66e5-82b1-4170-9e30-8a0aaa837762"},{"key":"env","value":"sit"}],"url":{"raw":"https://internal-release1-dev-ECSALB-2023166847.eu-west-1.elb.amazonaws.com/dev-wi-previnet-api/holdings/v1/valuations?accountId=44-E0002-FEPA100025","protocol":"https","host":["internal-release1-dev-ECSALB-2023166847","eu-west-1","elb","amazonaws","com"],"path":["dev-wi-previnet-api","holdings","v1","valuations"],"query":[{"key":"accountId","value":"44-E0002-FEPA100025"}]}},"response":[]},{"name":"Healthcheck","id":"abf3691f-e065-4b95-b632-3d90b23cc28e","protocolProfileBehavior":{"disableBodyPruning":true},"request":{"method":"GET","header":[{"key":"FIL-BUSINESS","value":"WORKPLACE_INVESTING"},{"key":"FIL-JOURNEY","value":"PLAN_SUMMARY"},{"key":"requestId","value":"rav123"},{"key":"FIL-REQUESTER-ID","value":"44"},{"key":"FIL-CHANNEL","value":"WEB"},{"key":"FIL-CALLER-REFERENCE","value":"PLANVIEWER"},{"key":"FIL-REQUESTER-TYPE","value":"CUSTOMER"},{"key":"FIL-CUSTOMER-ID","value":"1212121212"},{"key":"authkey","value":"69ac66e5-82b1-4170-9e30-8a0aaa837762"},{"key":"env","value":"sit"}],"url":{"raw":"https://internal-release1-dev-ECSALB-2023166847.eu-west-1.elb.amazonaws.com/dev-wi-previnet-api/healthcheck","protocol":"https","host":["internal-release1-dev-ECSALB-2023166847","eu-west-1","elb","amazonaws","com"],"path":["dev-wi-previnet-api","healthcheck"]}},"response":[]},{"name":"Person-Adapter","id":"23b594b6-c879-4025-844d-31dd59c6c85e","protocolProfileBehavior":{"disableBodyPruning":true},"request":{"method":"GET","header":[{"key":"FIL-BUSINESS","value":"WORKPLACE_INVESTING"},{"key":"FIL-JOURNEY","value":"PLAN_SUMMARY"},{"key":"requestId","value":"rav123"},{"key":"FIL-REQUESTER-ID","value":"124"},{"key":"FIL-CHANNEL","value":"WEB"},{"key":"FIL-CALLER-REFERENCE","value":"PLANVIEWER"},{"key":"FIL-REQUESTER-TYPE","value":"CUSTOMER"},{"key":"FIL-CUSTOMER-ID","value":"1212121212"},{"key":"authkey","value":"69ac66e5-82b1-4170-9e30-8a0aaa837762"},{"key":"env","value":"sit"}],"url":{"raw":"https://internal-release1-dev-ECSALB-2023166847.eu-west-1.elb.amazonaws.com/dev-wi-previnet-api/persons/v1/person/124","protocol":"https","host":["internal-release1-dev-ECSALB-2023166847","eu-west-1","elb","amazonaws","com"],"path":["dev-wi-previnet-api","persons","v1","person","124"]}},"response":[]},{"name":"Person-Entities","id":"13a8d963-6208-4a57-bbc7-64023507d773","protocolProfileBehavior":{"disableBodyPruning":true},"request":{"method":"GET","header":[{"key":"FIL-BUSINESS","value":"WORKPLACE_INVESTING"},{"key":"FIL-JOURNEY","value":"PLAN_SUMMARY"},{"key":"requestId","value":"rav123"},{"key":"FIL-REQUESTER-ID","value":"124"},{"key":"FIL-CHANNEL","value":"WEB"},{"key":"FIL-CALLER-REFERENCE","value":"PLANVIEWER"},{"key":"FIL-REQUESTER-TYPE","value":"CUSTOMER"},{"key":"FIL-CUSTOMER-ID","value":"1212121212"},{"key":"authkey","value":"69ac66e5-82b1-4170-9e30-8a0aaa837762"},{"key":"env","value":"sit","type":"text"}],"url":{"raw":"https://internal-release1-dev-ECSALB-2023166847.eu-west-1.elb.amazonaws.com/dev-wi-previnet-api/person-core-entities/v1/person-account-scheme-organisation?personId=124","protocol":"https","host":["internal-release1-dev-ECSALB-2023166847","eu-west-1","elb","amazonaws","com"],"path":["dev-wi-previnet-api","person-core-entities","v1","person-account-scheme-organisation"],"query":[{"key":"personId","value":"124"}]}},"response":[]},{"name":"Projections","id":"46cace2b-e7d7-48a2-8470-341ccff5ba26","protocolProfileBehavior":{"disableBodyPruning":true},"request":{"method":"GET","header":[{"key":"FIL-BUSINESS","value":"WORKPLACE_INVESTING"},{"key":"FIL-JOURNEY","value":"PLAN_SUMMARY"},{"key":"requestId","value":"rav123"},{"key":"FIL-REQUESTER-ID","value":"3001"},{"key":"FIL-CHANNEL","value":"WEB"},{"key":"FIL-CALLER-REFERENCE","value":"PLANVIEWER"},{"key":"FIL-REQUESTER-TYPE","value":"CUSTOMER"},{"key":"FIL-CUSTOMER-ID","value":"1212121212"},{"key":"authkey","value":"69ac66e5-82b1-4170-9e30-8a0aaa837762"},{"key":"env","value":"sit","type":"text"}],"url":{"raw":"https://internal-release1-dev-ECSALB-2023166847.eu-west-1.elb.amazonaws.com/dev-wi-previnet-api/partner/fmr/wi/projections/v1/projection?accountId=3001-E0001-FEPA100025","protocol":"https","host":["internal-release1-dev-ECSALB-2023166847","eu-west-1","elb","amazonaws","com"],"path":["dev-wi-previnet-api","partner","fmr","wi","projections","v1","projection"],"query":[{"key":"accountId","value":"3001-E0001-FEPA100025"}]}},"response":[]},{"name":"SchemeAdapter","id":"06fd97ea-86b1-4971-b042-3cd20fbc05f4","protocolProfileBehavior":{"disableBodyPruning":true},"request":{"method":"GET","header":[{"key":"FIL-BUSINESS","value":"WORKPLACE_INVESTING"},{"key":"FIL-JOURNEY","value":"PLAN_SUMMARY"},{"key":"requestId","value":"rav123"},{"key":"FIL-REQUESTER-ID","value":"FEPA100025"},{"key":"FIL-CHANNEL","value":"WEB"},{"key":"FIL-CALLER-REFERENCE","value":"PLANVIEWER"},{"key":"FIL-REQUESTER-TYPE","value":"CUSTOMER"},{"key":"FIL-CUSTOMER-ID","value":"1212121212"},{"key":"authkey","value":"69ac66e5-82b1-4170-9e30-8a0aaa837762"},{"key":"env","value":"sit","type":"text"}],"url":{"raw":"https://internal-release1-dev-ECSALB-2023166847.eu-west-1.elb.amazonaws.com/dev-wi-previnet-api/schemes/v1/scheme/FEPA100025","protocol":"https","host":["internal-release1-dev-ECSALB-2023166847","eu-west-1","elb","amazonaws","com"],"path":["dev-wi-previnet-api","schemes","v1","scheme","FEPA100025"]}},"response":[]},{"name":"Transaction_Adapter","id":"6ca5b912-5b21-4873-b88a-6a362dbd2af4","protocolProfileBehavior":{"disableBodyPruning":true},"request":{"method":"GET","header":[{"key":"FIL-BUSINESS","value":"WORKPLACE_INVESTING"},{"key":"FIL-JOURNEY","value":"PLAN_SUMMARY"},{"key":"requestId","value":"rav123"},{"key":"FIL-REQUESTER-ID","value":"3001"},{"key":"FIL-CHANNEL","value":"WEB"},{"key":"FIL-CALLER-REFERENCE","value":"PLANVIEWER"},{"key":"FIL-REQUESTER-TYPE","value":"CUSTOMER"},{"key":"FIL-CUSTOMER-ID","value":"1212121212"},{"key":"authkey","value":"69ac66e5-82b1-4170-9e30-8a0aaa837762"},{"key":"env","value":"sit","type":"text"}],"url":{"raw":"https://internal-release1-dev-ECSALB-2023166847.eu-west-1.elb.amazonaws.com/dev-wi-previnet-api/transaction/v1/transactions?accountId=3001-E0001-FEPA100025","protocol":"https","host":["internal-release1-dev-ECSALB-2023166847","eu-west-1","elb","amazonaws","com"],"path":["dev-wi-previnet-api","transaction","v1","transactions"],"query":[{"key":"accountId","value":"3001-E0001-FEPA100025"}]}},"response":[]},{"name":"Healthcheck","id":"4db081c7-8a24-4fcb-86d0-7c95205658e3","protocolProfileBehavior":{"disableBodyPruning":true},"request":{"method":"GET","header":[],"url":{"raw":"https://internal-release1-dev-ECSALB-2023166847.eu-west-1.elb.amazonaws.com/dev-wi-previnet-api/healthcheck","protocol":"https","host":["internal-release1-dev-ECSALB-2023166847","eu-west-1","elb","amazonaws","com"],"path":["dev-wi-previnet-api","healthcheck"]}},"response":[]}]}