{"info":{"_postman_id":"e1ac3507-674a-4b6a-96e2-babc1fd7ded1","name":"QA_Accounts_Old_Endpoints","schema":"https://schema.getpostman.com/json/collection/v2.1.0/collection.json"},"item":[{"name":"Cognito Auth-token generation Copy","event":[{"listen":"prerequest","script":{"id":"e2369365-b4a7-401c-a84a-42fc25e054ee","exec":[""],"type":"text/javascript"}},{"listen":"test","script":{"id":"febf0792-30b4-469a-822f-0924e7b772a3","exec":["var jsonData = JSON.parse(responseBody);\r","pm.collectionVariables.set(\"auth-token\", jsonData.access_token);"],"type":"text/javascript"}}],"id":"5a569aaf-79e4-4e31-badf-dedb2779edcd","protocolProfileBehavior":{"disableBodyPruning":true},"request":{"auth":{"type":"basic","basic":[{"key":"password","value":"qpmkmadlr7eq0nm0lnimh6ldi4koua44cbmcvl88qur5bt4kjlt","type":"string"},{"key":"username","value":"nvc5vb0qraqg30o24p3ovruos","type":"string"}]},"method":"POST","header":[{"key":"Cache-Control","value":"no-cache"},{"key":"Content-Type","value":"application/x-www-form-urlencoded"},{"key":"Postman-Token","value":"fe559269-d614-452a-994f-996bde67e195"}],"body":{"mode":"urlencoded","urlencoded":[{"type":"text","key":"grant_type","value":"client_credentials"}]},"url":{"raw":"https://np-wiaccmgmt.auth.eu-west-1.amazoncognito.com/oauth2/token","protocol":"https","host":["np-wiaccmgmt","auth","eu-west-1","amazoncognito","com"],"path":["oauth2","token"]}},"response":[]},{"name":"FutureContributions Copy","id":"c15c0a2e-51b1-4cce-b7fb-397ee1fc9979","protocolProfileBehavior":{"disableBodyPruning":true},"request":{"auth":{"type":"apikey","apikey":[{"key":"value","value":"{{auth-token}}","type":"string"},{"key":"key","value":"auth-token","type":"string"}]},"method":"GET","header":[{"key":"Cache-Control","value":"no-cache"},{"key":"FIL-REQUESTER-ID","value":"ravrocks"},{"key":"FIL-REQUESTER-TYPE","value":"CUSTOMER"},{"key":"Postman-Token","value":"a6611363-f4d0-49f1-b4e6-aa8efa11bf65"},{"key":"authKey","value":"a5a87364-b87a-11eb-8529-0242ac130003"},{"key":"requestId","value":"ravrocks321"},{"key":"x-api-key","value":"g6IiCeUKrV9k4lykidq3W2ivnOR5n5LD64BfyEoY","type":"text"}],"url":{"raw":"https://qaapis.npwpfhwiaccmgmt.fidelity.co.uk/account-apigateway/accounts/v2/account/C001C2A/future-contributions","protocol":"https","host":["qaapis","npwpfhwiaccmgmt","fidelity","co","uk"],"path":["account-apigateway","accounts","v2","account","C001C2A","future-contributions"]}},"response":[]},{"name":"Controls Copy","id":"0eecb7cd-88ba-4b35-a8d5-5c7022f501e7","protocolProfileBehavior":{"disableBodyPruning":true},"request":{"auth":{"type":"apikey","apikey":[{"key":"value","value":"{{auth-token}}","type":"string"},{"key":"key","value":"auth-token","type":"string"}]},"method":"GET","header":[{"key":"Cache-Control","value":"no-cache"},{"key":"FIL-REQUESTER-ID","value":"ravrocks"},{"key":"FIL-REQUESTER-TYPE","value":"CUSTOMER"},{"key":"authKey","value":"a5a87364-b87a-11eb-8529-0242ac130003"},{"key":"requestId","value":"ravrocks321"},{"key":"x-api-key","value":"g6IiCeUKrV9k4lykidq3W2ivnOR5n5LD64BfyEoY","type":"text"}],"url":{"raw":"https://qaapis.npwpfhwiaccmgmt.fidelity.co.uk/account-apigateway/accounts/v2/account/5179268/controls","protocol":"https","host":["qaapis","npwpfhwiaccmgmt","fidelity","co","uk"],"path":["account-apigateway","accounts","v2","account","5179268","controls"]}},"response":[]},{"name":"Statistics Copy","id":"577b143d-3a34-4b4d-b424-463cd6dc4032","protocolProfileBehavior":{"disableBodyPruning":true},"request":{"auth":{"type":"apikey","apikey":[{"key":"value","value":"{{auth-token}}","type":"string"},{"key":"key","value":"auth-token","type":"string"}]},"method":"GET","header":[{"key":"Cache-Control","value":"no-cache"},{"key":"FIL-REQUESTER-ID","value":"ravrocks"},{"key":"FIL-REQUESTER-TYPE","value":"CUSTOMER"},{"key":"Postman-Token","value":"a6611363-f4d0-49f1-b4e6-aa8efa11bf65"},{"key":"authKey","value":"a5a87364-b87a-11eb-8529-0242ac130003"},{"key":"requestId","value":"ravrocks321"},{"key":"x-api-key","value":"g6IiCeUKrV9k4lykidq3W2ivnOR5n5LD64BfyEoY","type":"text"}],"url":{"raw":"https://qaapis.npwpfhwiaccmgmt.fidelity.co.uk/account-apigateway/accounts/v2/account/5179268/statistics","protocol":"https","host":["qaapis","npwpfhwiaccmgmt","fidelity","co","uk"],"path":["account-apigateway","accounts","v2","account","5179268","statistics"]}},"response":[]},{"name":"Get Preferences Copy","event":[{"listen":"test","script":{"id":"4eb1beae-042f-4c89-b27a-10b10503b20a","exec":[""],"type":"text/javascript"}}],"id":"94f74aac-feb3-4fd1-93f2-3c204c6e76c7","protocolProfileBehavior":{"disableBodyPruning":true},"request":{"auth":{"type":"apikey","apikey":[{"key":"value","value":"{{auth-token}}","type":"string"},{"key":"key","value":"auth-token","type":"string"}]},"method":"GET","header":[{"key":"requestId","value":"temp444"},{"key":"FIL-REQUESTER-ID","value":"3001"},{"key":"FIL-REQUESTER-TYPE","value":"CUSTOMER"},{"key":"x-api-key","value":"g6IiCeUKrV9k4lykidq3W2ivnOR5n5LD64BfyEoY"},{"key":"authkey","value":"a5a87364-b87a-11eb-8529-0242ac130003"},{"key":"Content-Type","value":"application/json"}],"body":{"mode":"raw","raw":"{\n\"accountPreferences\": {\n\"paperlessPreference\": \"YES\",\n\"subscriptionDetails\": [\n{\n\"type\": \"MARKETING_CAMPAIGNS_GUIDANCE_BY_EMAIL\",\n\"value\": \"NOT_SUBSCRIBED\"\n}\n]\n}\n}"},"url":{"raw":"https://qaapis.npwpfhwiaccmgmt.fidelity.co.uk/account-apigateway/accounts/v2/account/C001C2A/preferences","protocol":"https","host":["qaapis","npwpfhwiaccmgmt","fidelity","co","uk"],"path":["account-apigateway","accounts","v2","account","C001C2A","preferences"]}},"response":[]},{"name":"Accounts/v2/account/accountid Copy","event":[{"listen":"test","script":{"id":"4eb1beae-042f-4c89-b27a-10b10503b20a","exec":[""],"type":"text/javascript"}}],"id":"357b41cc-8f76-464e-a789-8b32a2e00353","protocolProfileBehavior":{"disableBodyPruning":true},"request":{"auth":{"type":"apikey","apikey":[{"key":"value","value":"{{auth-token}}","type":"string"},{"key":"key","value":"auth-token","type":"string"}]},"method":"GET","header":[{"key":"requestId","value":"temp444"},{"key":"FIL-REQUESTER-ID","value":"3001"},{"key":"FIL-REQUESTER-TYPE","value":"CUSTOMER"},{"key":"x-api-key","value":"g6IiCeUKrV9k4lykidq3W2ivnOR5n5LD64BfyEoY"},{"key":"authkey","value":"a5a87364-b87a-11eb-8529-0242ac130003"},{"key":"Content-Type","value":"application/json"}],"body":{"mode":"raw","raw":"{\n\"accountPreferences\": {\n\"paperlessPreference\": \"YES\",\n\"subscriptionDetails\": [\n{\n\"type\": \"MARKETING_CAMPAIGNS_GUIDANCE_BY_EMAIL\",\n\"value\": \"NOT_SUBSCRIBED\"\n}\n]\n}\n}"},"url":{"raw":"https://ebfapis.npwpfhwiaccmgmt.fidelity.co.uk/account-apigateway/accounts/v2/account/C001C2A","protocol":"https","host":["ebfapis","npwpfhwiaccmgmt","fidelity","co","uk"],"path":["account-apigateway","accounts","v2","account","C001C2A"]}},"response":[]},{"name":"PATCH Preferences Copy","id":"4cded5e5-a75d-4e64-9fd0-35ba839196f4","protocolProfileBehavior":{"disableBodyPruning":true},"request":{"auth":{"type":"apikey","apikey":[{"key":"value","value":"{{auth-token}}","type":"string"},{"key":"key","value":"auth-token","type":"string"}]},"method":"PATCH","header":[{"key":"FIL-REQUESTER-ID","value":"dsfdfdffs"},{"key":"FIL-REQUESTER-TYPE","value":"CUSTOMER"},{"key":"authkey","value":"a5a87364-b87a-11eb-8529-0242ac130003"},{"key":"requestId","value":"23565dtd56"},{"key":"FIL-BUSINESS","value":"WORKPLACE_INVESTING"},{"key":"FIL-JOURNEY","value":"Plan_Summary"},{"key":"FIL-CHANNEL","value":"WEB"},{"key":"FIL-CALLER-REFERENCE","value":"PLAN_VIEWER"},{"key":"FIL-CUSTOMER-ID","value":"1212121212"},{"key":"Content-Type","value":"application/json"},{"key":"x-api-key","value":"g6IiCeUKrV9k4lykidq3W2ivnOR5n5LD64BfyEoY"}],"body":{"mode":"raw","raw":"{\n\n\n\n\"accountPreferences\": {\n\n\n\n\"paperlessPreference\": \"NO\",\n\n\n\n\"subscriptionDetails\": [\n\n\n\n{\n\n\n\n\"type\": \"MARKETING_CAMPAIGNS_GUIDANCE_BY_EMAIL\",\n\n\n\n\"value\": \"NOT_SUBSCRIBED\"\n\n\n\n}\n\n\n\n]\n\n\n\n}\n\n\n\n}"},"url":{"raw":"https://qaapis.npwpfhwiaccmgmt.fidelity.co.uk/account-apigateway/accounts/v2/account/C084001/preferences","protocol":"https","host":["qaapis","npwpfhwiaccmgmt","fidelity","co","uk"],"path":["account-apigateway","accounts","v2","account","C084001","preferences"]}},"response":[]}],"event":[{"listen":"prerequest","script":{"id":"b7f58904-b962-4031-aaa4-b80429462ba6","type":"text/javascript","exec":[""]}},{"listen":"test","script":{"id":"123dd103-5275-4342-823c-250121145b3d","type":"text/javascript","exec":["pm.test(\"Status code is 200\", function () {","    pm.response.to.have.status(200);   ","});","const output=JSON.stringify(pm.response.json());","pm.test(output, true);"]}}],"variable":[{"id":"c0ac79dd-fae6-4861-a02a-899a5fce5c2a","key":"auth-token","value":""}]}