{"info":{"_postman_id":"f8d5b480-1264-4345-9852-d87a386bd287","name":"PROD-only","schema":"https://schema.getpostman.com/json/collection/v2.1.0/collection.json"},"item":[{"name":"Fundxml","id":"f38cb8cc-f249-49a1-8b27-231438327744","protocolProfileBehavior":{"disableBodyPruning":true},"request":{"method":"GET","header":[]},"response":[]},{"name":"fundxml-2","id":"2e563986-f15b-41c5-a28f-6cb0f34d491e","protocolProfileBehavior":{"disableBodyPruning":true},"request":{"method":"GET","header":[]},"response":[]},{"name":"MemberAccountDS-healthcheck","id":"edaf4a18-1ca4-4e6d-8d6c-68c39a7799c5","protocolProfileBehavior":{"disableBodyPruning":true},"request":{"method":"GET","header":[],"url":{"raw":"https://dc-memberaccountds.p4a.paas.bip.uk.fid-intl.com/api/v1/healthCheckConnections","protocol":"https","host":["dc-memberaccountds","p4a","paas","bip","uk","fid-intl","com"],"path":["api","v1","healthCheckConnections"]}},"response":[]},{"name":"person-account-scheme-organisation PROD","id":"46104e51-706e-477a-b23c-eb99a9ae12ef","protocolProfileBehavior":{"disableBodyPruning":true},"request":{"method":"GET","header":[{"key":"AuthKey","value":"U2VjdXJpdHlJc0F0TW9zdEltcG9ydGFuY2U6dGltZVRyYXZlbHRvZnV0dXJlQDEyMw=="},{"key":"Cache-Control","value":"no-cache"},{"key":"FIL-BUSINESS","value":"WORKPLACE_INVESTING"},{"key":"FIL-CALLER-REFERENCE","value":"PLAN_VIEWER"},{"key":"FIL-CHANNEL","value":"WEB"},{"key":"FIL-JOURNEY","value":"MANAGE_BENEFICIARY"},{"key":"FIL-REQUESTER-ID","value":"123e4567-e89b-12d3-a456-426614174000"},{"key":"FIL-REQUESTER-TYPE","value":"CUSTOMER"},{"key":"Postman-Token","value":"c548264e-72c6-4687-bd84-69c737580d33"},{"key":"REQUESTID","value":"123e4567-e89b-12d3-a456-426614174000"},{"key":"X-Routing-Context","value":"B2B-GBL-WORKPLACE-INVESTING"}],"url":{"raw":"https://prdapis.pdwipartnerapi.aws.ukfilcld/svc/planviewer-partner-api/person-account-scheme-organisation?personId=35EEEF932953E0BD46E2CAAD4FF2B826","protocol":"https","host":["prdapis","pdwipartnerapi","aws","ukfilcld"],"path":["svc","planviewer-partner-api","person-account-scheme-organisation"],"query":[{"key":"personId","value":"35EEEF932953E0BD46E2CAAD4FF2B826"}]}},"response":[]},{"name":"MemberAccountDS PersonId","id":"7a8c7c6e-5200-44ab-8d45-1901d50fe709","protocolProfileBehavior":{"disableBodyPruning":true},"request":{"method":"GET","header":[{"key":"apiKey","value":"bWVtYmVyYWNjYnNhcGl1c2VycHJkOjQzMjFqYW51YXJ5"},{"key":"FIL-BUSINESS","value":"WORKPLACE_INVESTING"},{"key":"FIL-JOURNEY","value":"Plan_Summary"},{"key":"requestid","value":"asd1234"},{"key":"FIL-REQUESTER-ID","value":"1212121212"},{"key":"FIL-CHANNEL","value":"WEB"},{"key":"FIL-CALLER-REFERENCE","value":"PLANVIEWER"},{"key":"FIL-REQUESTER-TYPE","value":"CUSTOMER"},{"key":"FIL-CUSTOMER-ID","value":"1212121212"}],"url":{"raw":"https://dc-memberaccountds.apps.paas.bip.uk.fid-intl.com/api/accounts/v2/accounts?personId=1FB8561F661FF76929AD79D4075B7F02","protocol":"https","host":["dc-memberaccountds","apps","paas","bip","uk","fid-intl","com"],"path":["api","accounts","v2","accounts"],"query":[{"key":"personId","value":"1FB8561F661FF76929AD79D4075B7F02"}]}},"response":[]},{"name":"MemberAccountDS AccountStats","id":"8d97f951-f64c-4f13-aada-81df488fc024","protocolProfileBehavior":{"disableBodyPruning":true},"request":{"method":"GET","header":[{"key":"apiKey","value":"bWVtYmVyYWNjYnNhcGl1c2VycHJkOjQzMjFqYW51YXJ5"},{"key":"FIL-BUSINESS","value":"WORKPLACE_INVESTING"},{"key":"FIL-JOURNEY","value":"Plan_Summary"},{"key":"requestid","value":"asd1234"},{"key":"FIL-REQUESTER-ID","value":"1212121212"},{"key":"FIL-CHANNEL","value":"WEB"},{"key":"FIL-CALLER-REFERENCE","value":"PLANVIEWER"},{"key":"FIL-REQUESTER-TYPE","value":"CUSTOMER"},{"key":"FIL-CUSTOMER-ID","value":"1212121212"}],"url":{"raw":"https://dc-memberaccountds.apps.paas.bip.uk.fid-intl.com/api/accounts/v2/accounts?personId=1FB8561F661FF76929AD79D4075B7F02","protocol":"https","host":["dc-memberaccountds","apps","paas","bip","uk","fid-intl","com"],"path":["api","accounts","v2","accounts"],"query":[{"key":"personId","value":"1FB8561F661FF76929AD79D4075B7F02"}]}},"response":[]},{"name":"Account Stats with Parameter Copy","id":"23fe76e1-12f0-4bb0-81e7-e6692597ffd4","protocolProfileBehavior":{"disableBodyPruning":true},"request":{"method":"GET","header":[{"key":"FIL-REQUESTER-ID","value":"ravrocks-accountstats"},{"key":"FIL-REQUESTER-TYPE","value":"CUSTOMER"},{"key":"requestId","value":"myinvst"},{"key":"apiKey","value":"bWVtYmVyYWNjYnNhcGl1c2VycHJkOjQzMjFqYW51YXJ5","type":"text"}],"url":{"raw":"https://dc-memberaccountbs.p3a.paas.bip.uk.fid-intl.com/api/accounts/v2/account/C0668B1/statistics?includedComponents=TOTAL_EXPENSE_RATIO,TRANSACTION_COST,DRAWDOWN_ACCOUNTOPENINGDATE&totalReturnEndDate=2021-12-31&totalReturnStartDate=2021-11-28","protocol":"https","host":["dc-memberaccountbs","p3a","paas","bip","uk","fid-intl","com"],"path":["api","accounts","v2","account","C0668B1","statistics"],"query":[{"key":"includedComponents","value":"TOTAL_EXPENSE_RATIO,TRANSACTION_COST,DRAWDOWN_ACCOUNTOPENINGDATE"},{"key":"totalReturnEndDate","value":"2021-12-31"},{"key":"totalReturnStartDate","value":"2021-11-28"}]}},"response":[]},{"name":"Pro HealthCheck-loadbalancing Copy","id":"5907325d-c49b-49e7-a366-76132cdf5a3f","protocolProfileBehavior":{"disableBodyPruning":true},"request":{"method":"GET","header":[],"url":{"raw":"https://dc-memberaccountds.apps.paas.bip.uk.fid-intl.com/v1/api/health","protocol":"https","host":["dc-memberaccountds","apps","paas","bip","uk","fid-intl","com"],"path":["v1","api","health"]}},"response":[]},{"name":"Entitlement PRD with ApiKey","id":"af961091-dce3-465d-9742-80ab743f8921","protocolProfileBehavior":{"disableBodyPruning":true},"request":{"method":"GET","header":[{"key":"apiKey","value":"bWVtYmVyYWNjYnNhcGl1c2VycHJkOjQzMjFqYW51YXJ5"},{"key":"FIL-BUSINESS","value":"WORKPLACE_INVESTING"},{"key":"FIL-JOURNEY","value":"Plan_Summary"},{"key":"requestid","value":"PRD_Test123"},{"key":"FIL-REQUESTER-ID","value":"1212121212"},{"key":"FIL-CHANNEL","value":"WEB"},{"key":"FIL-CALLER-REFERENCE","value":"PLANVIEWER"},{"key":"FIL-REQUESTER-TYPE","value":"CUSTOMER"},{"key":"FIL-CUSTOMER-ID","value":"1212121212"},{"key":"FID-CUSTOMER-ID-TYPE","value":"WID"},{"key":"correlationId","value":"PRDTest123"},{"key":"FID-LOG-TRACKING-ID","value":"Issue42"}],"url":{"raw":"https://dc-memberaccountbs.p3a.paas.bip.uk.fid-intl.com/partner/fmr/wi/entitlements/v1/customers/580F02D64334A5220A873E861D59033E/employer/C075705/plan/CSMT","protocol":"https","host":["dc-memberaccountbs","p3a","paas","bip","uk","fid-intl","com"],"path":["partner","fmr","wi","entitlements","v1","customers","580F02D64334A5220A873E861D59033E","employer","C075705","plan","CSMT"]}},"response":[]},{"name":"BS Healthcheck2 PROD","id":"192d910e-ba64-499d-bd03-ed2d0e72da23","protocolProfileBehavior":{"disableBodyPruning":true},"request":{"method":"GET","header":[],"url":{"raw":"http://dc-memberaccountbs.p3a.paas.bip.uk.fid-intl.com/api/v1/healthCheckConnections","protocol":"http","host":["dc-memberaccountbs","p3a","paas","bip","uk","fid-intl","com"],"path":["api","v1","healthCheckConnections"]}},"response":[]},{"name":"Entitlement Request-PROD","id":"b2e61c23-3a86-4120-a796-885a106bb747","protocolProfileBehavior":{"disableBodyPruning":true},"request":{"method":"GET","header":[{"key":"token","value":"eyJhbGciOiAiSG1hY1NIQTI1NiIsInR5cCI6ICJKV1QiLCJyZXNvdXJjZSI6IiIgLCAiZ2VuZXJhdGlvblRpbWUiIDoiMTY2MTQwODM0NjgxMCIgLCAiZXhwaXJ5VGltZSIgOiIxNjYyMDA4MzQ2ODEwIn0=.e30=.jDhSlm+Ao/VMqCmQtm7E+jpreTldALnQ0cOCiu7tceY="},{"key":"correlationId","value":"ravrocks"},{"key":"fidCustomerIdType","value":"WID"},{"key":"requestId","value":"ravrocks","type":"text"},{"key":"apiKey","value":"bWVtYmVyYWNjYnNhcGl1c2VyOm1vbmRheTEyMw==","type":"text","disabled":true}],"url":{"raw":"https://dc-memberaccountbs.p3a.paas.bip.uk.fid-intl.com/api/member/v2/customers/F514B92A333CDC3AA3476836416A8911/employer/C019A21/plan/ATKE","protocol":"https","host":["dc-memberaccountbs","p3a","paas","bip","uk","fid-intl","com"],"path":["api","member","v2","customers","F514B92A333CDC3AA3476836416A8911","employer","C019A21","plan","ATKE"]}},"response":[]},{"name":"TransactionBS PROD","id":"f1f80f50-71b7-4ab6-9c63-f90c46e3a936","protocolProfileBehavior":{"disableBodyPruning":true},"request":{"method":"GET","header":[],"url":{"raw":"http://dc-transactionBS.apps.paas.bip.uk.fid-intl.com/actuator/health","protocol":"http","host":["dc-transactionBS","apps","paas","bip","uk","fid-intl","com"],"path":["actuator","health"]}},"response":[]}]}